ix,iy,iz,x,y,z,targetDist,ok
0,0,0,-18.048002,9.176998,-12.623002,11.119138,0
1,0,0,-15.638402,9.176998,-12.623002,9.798187,0
2,0,0,-13.228801,9.176998,-12.623002,8.683444,0
3,0,0,-10.819201,9.176998,-12.623002,7.811223,0
4,0,0,-8.409600,9.176998,-12.623002,7.215909,0
5,0,0,-6.000000,9.176998,-12.623002,6.924627,0
6,0,0,-3.590400,9.176998,-12.623002,6.951879,0
7,0,0,-1.180799,9.176998,-12.623002,7.296270,0
8,0,0,1.228801,9.176998,-12.623002,7.940840,0
9,0,0,3.638402,9.176998,-12.623002,8.856828,0
10,0,0,6.048002,9.176998,-12.623002,10.009170,0
0,1,0,-18.048002,11.586598,-12.623002,9.824055,0
1,1,0,-15.638402,11.586598,-12.623002,8.416300,0
2,1,0,-13.228801,11.586598,-12.623002,7.218556,0
3,1,0,-10.819201,11.586598,-12.623002,6.274058,0
4,1,0,-8.409600,11.586598,-12.623002,5.625226,0
5,1,0,-6.000000,11.586598,-12.623002,5.306420,0
6,1,0,-3.590400,11.586598,-12.623002,5.336285,0
7,1,0,-1.180799,11.586598,-12.623002,5.713022,0
8,1,0,1.228801,11.586598,-12.623002,6.414862,0
9,1,0,3.638402,11.586598,-12.623002,7.405504,0
10,1,0,6.048002,11.586598,-12.623002,8.641932,0
0,2,0,-18.048002,13.996199,-12.623002,8.738030,0
1,2,0,-15.638402,13.996199,-12.623002,7.248022,0
2,2,0,-13.228801,13.996199,-12.623002,5.969875,0
3,2,0,-10.819201,13.996199,-12.623002,4.954038,0
4,2,0,-8.409600,13.996199,-12.623002,4.251758,0
5,2,0,-6.000000,13.996199,-12.623002,3.905356,0
6,2,0,-3.590400,13.996199,-12.623002,3.937843,0
7,2,0,-1.180799,13.996199,-12.623002,4.347002,0
8,2,0,1.228801,13.996199,-12.623002,5.105956,0
9,2,0,3.638402,13.996199,-12.623002,6.170079,0
10,2,0,6.048002,13.996199,-12.623002,7.487667,0
0,3,0,-18.048002,16.405799,-12.623002,7.896762,0
1,3,0,-15.638402,16.405799,-12.623002,6.336072,0
2,3,0,-13.228801,16.405799,-12.623002,4.987536,0
3,3,0,-10.819201,16.405799,-12.623002,3.908563,0
4,3,0,-8.409600,16.405799,-12.623002,3.159276,0
5,3,0,-6.000000,16.405799,-12.623002,2.789166,0
6,3,0,-3.590400,16.405799,-12.623002,2.823875,0
7,3,0,-1.180799,16.405799,-12.623002,3.261010,0
8,3,0,1.228801,16.405799,-12.623002,4.070324,0
9,3,0,3.638402,16.405799,-12.623002,5.199421,0
10,3,0,6.048002,16.405799,-12.623002,6.587859,0
0,4,0,-18.048002,18.815400,-12.623002,7.333508,0
1,4,0,-15.638402,18.815400,-12.623002,5.721658,0
2,4,0,-13.228801,18.815400,-12.623002,4.321571,0
3,4,0,-10.819201,18.815400,-12.623002,3.196603,0
4,4,0,-8.409600,18.815400,-12.623002,2.414889,0
5,4,0,-6.000000,18.815400,-12.623002,2.030454,0
6,4,0,-3.590400,18.815400,-12.623002,2.066397,0
7,4,0,-1.180799,18.815400,-12.623002,2.520879,0
8,4,0,1.228801,18.815400,-12.623002,3.365447,0
9,4,0,3.638402,18.815400,-12.623002,4.542030,0
10,4,0,6.048002,18.815400,-12.623002,5.982287,0
0,5,0,-18.048002,21.225000,-12.623002,7.073828,0
1,5,0,-15.638402,21.225000,-12.623002,5.437274,0
2,5,0,-13.228801,21.225000,-12.623002,4.012185,0
3,5,0,-10.819201,21.225000,-12.623002,2.865342,0
4,5,0,-8.409600,21.225000,-12.623002,2.069937,0
5,5,0,-6.000000,21.225000,-12.623002,1.681692,0
6,5,0,-3.590400,21.225000,-12.623002,1.717824,0
7,5,0,-1.180799,21.225000,-12.623002,2.177495,0
8,5,0,1.228801,21.225000,-12.623002,3.037470,0
9,5,0,3.638402,21.225000,-12.623002,4.236796,0
10,5,0,6.048002,21.225000,-12.623002,5.702186,0
0,6,0,-18.048002,23.634600,-12.623002,7.130512,0
1,6,0,-15.638402,23.634600,-12.623002,5.499413,0
2,6,0,-13.228801,23.634600,-12.623002,4.079847,0
3,6,0,-10.819201,23.634600,-12.623002,2.937795,0
4,6,0,-8.409600,23.634600,-12.623002,2.145220,0
5,6,0,-6.000000,23.634600,-12.623002,1.757501,0
6,6,0,-3.590400,23.634600,-12.623002,1.793632,0
7,6,0,-1.180799,23.634600,-12.623002,2.252480,0
8,6,0,1.228801,23.634600,-12.623002,3.109212,0
9,6,0,3.638402,23.634600,-12.623002,4.303541,0
10,6,0,6.048002,23.634600,-12.623002,5.763378,0
0,7,0,-18.048002,26.044201,-12.623002,7.500711,0
1,7,0,-15.638402,26.044201,-12.623002,5.904388,0
2,7,0,-13.228801,26.044201,-12.623002,4.519987,0
3,7,0,-10.819201,26.044201,-12.623002,3.408931,0
4,7,0,-8.409600,26.044201,-12.623002,2.636677,0
5,7,0,-6.000000,26.044201,-12.623002,2.255998,0
6,7,0,-3.590400,26.044201,-12.623002,2.291643,0
7,7,0,-1.180799,26.044201,-12.623002,2.741470,0
8,7,0,1.228801,26.044201,-12.623002,3.575650,0
9,7,0,3.638402,26.044201,-12.623002,4.737837,0
10,7,0,6.048002,26.044201,-12.623002,6.162329,0
0,8,0,-18.048002,28.453801,-12.623002,8.166595,0
1,8,0,-15.638402,28.453801,-12.623002,6.629294,0
2,8,0,-13.228801,28.453801,-12.623002,5.304172,0
3,8,0,-10.819201,28.453801,-12.623002,4.246223,0
4,8,0,-8.409600,28.453801,-12.623002,3.512449,0
5,8,0,-6.000000,28.453801,-12.623002,3.150006,0
6,8,0,-3.590400,28.453801,-12.623002,3.184004,0
7,8,0,-1.180799,28.453801,-12.623002,3.612059,0
8,8,0,1.228801,28.453801,-12.623002,4.404712,0
9,8,0,3.638402,28.453801,-12.623002,5.512166,0
10,8,0,6.048002,28.453801,-12.623002,6.877054,0
0,9,0,-18.048002,30.863402,-12.623002,9.099223,0
1,9,0,-15.638402,30.863402,-12.623002,7.637629,0
2,9,0,-13.228801,30.863402,-12.623002,6.387449,0
3,9,0,-10.819201,30.863402,-12.623002,5.396555,0
4,9,0,-8.409600,30.863402,-12.623002,4.713000,0
5,9,0,-6.000000,30.863402,-12.623002,4.376253,0
6,9,0,-3.590400,30.863402,-12.623002,4.407823,0
7,9,0,-1.180799,30.863402,-12.623002,4.805635,0
8,9,0,1.228801,30.863402,-12.623002,5.544581,0
9,9,0,3.638402,30.863402,-12.623002,6.583030,0
10,9,0,6.048002,30.863402,-12.623002,7.872419,0
0,10,0,-18.048002,33.273002,-12.623002,10.263911,0
1,10,0,-15.638402,33.273002,-12.623002,8.886911,0
2,10,0,-13.228801,33.273002,-12.623002,7.718792,0
3,10,0,-10.819201,33.273002,-12.623002,6.800258,0
4,10,0,-8.409600,33.273002,-12.623002,6.170746,0
5,10,0,-6.000000,33.273002,-12.623002,5.861902,0
6,10,0,-3.590400,33.273002,-12.623002,5.890821,0
7,10,0,-1.180799,33.273002,-12.623002,6.255854,0
8,10,0,1.228801,33.273002,-12.623002,6.937034,0
9,10,0,3.638402,33.273002,-12.623002,7.900884,0
10,10,0,6.048002,33.273002,-12.623002,9.107337,0
0,0,1,-18.048002,9.176998,-10.213402,9.847022,0
1,0,1,-15.638402,9.176998,-10.213402,8.440907,0
2,0,1,-13.228801,9.176998,-10.213402,7.244750,0
3,0,1,-10.819201,9.176998,-10.213402,6.301646,0
4,0,1,-8.409600,9.176998,-10.213402,5.653854,0
5,0,1,-6.000000,9.176998,-10.213402,5.335585,0
6,0,1,-3.590400,9.176998,-10.213402,5.365399,0
7,0,1,-1.180799,9.176998,-10.213402,5.741506,0
8,0,1,1.228801,9.176998,-10.213402,6.442234,0
9,0,1,3.638402,9.176998,-10.213402,7.431438,0
10,0,1,6.048002,9.176998,-10.213402,8.666262,0
0,1,1,-18.048002,11.586598,-10.213402,8.468554,0
1,1,1,-15.638402,11.586598,-10.213402,6.956612,0
2,1,1,-13.228801,11.586598,-10.213402,5.656743,0
3,1,1,-10.819201,11.586598,-10.213402,4.621457,0
4,1,1,-8.409600,11.586598,-10.213402,3.904594,0
5,1,1,-6.000000,11.586598,-10.213402,3.550717,0
6,1,1,-3.590400,11.586598,-10.213402,3.583910,0
7,1,1,-1.180799,11.586598,-10.213402,4.001865,0
8,1,1,1.228801,11.586598,-10.213402,4.776410,0
9,1,1,3.638402,11.586598,-10.213402,5.860546,0
10,1,1,6.048002,11.586598,-10.213402,7.200016,0
0,2,1,-18.048002,13.996199,-10.213402,7.303551,0
1,2,1,-15.638402,13.996199,-10.213402,5.688888,0
2,2,1,-13.228801,13.996199,-10.213402,4.285957,0
3,2,1,-10.819201,13.996199,-10.213402,3.158478,0
4,2,1,-8.409600,13.996199,-10.213402,2.375108,0
5,2,1,-6.000000,13.996199,-10.213402,1.990081,0
6,2,1,-3.590400,13.996199,-10.213402,2.026067,0
7,2,1,-1.180799,13.996199,-10.213402,2.481301,0
8,2,1,1.228801,13.996199,-10.213402,3.327704,0
9,2,1,3.638402,13.996199,-10.213402,4.506888,0
10,2,1,6.048002,13.996199,-10.213402,5.950005,0
0,3,1,-18.048002,16.405799,-10.213402,6.394443,0
1,3,1,-15.638402,16.405799,-10.213402,4.689729,0
2,3,1,-13.228801,16.405799,-10.213402,3.195807,0
3,3,1,-10.819201,16.405799,-10.213402,1.993627,0
4,3,1,-8.409600,16.405799,-10.213402,1.186131,0
5,3,1,-6.000000,16.405799,-10.213402,0.837049,0
6,3,1,-3.590400,16.405799,-10.213402,0.874487,0
7,3,1,-1.180799,16.405799,-10.213402,1.292075,0
8,3,1,1.228801,16.405799,-10.213402,2.173128,0
9,3,1,3.638402,16.405799,-10.213402,3.431726,0
10,3,1,6.048002,16.405799,-10.213402,4.966492,0
0,4,1,-18.048002,18.815400,-10.213402,5.782100,0
1,4,1,-15.638402,18.815400,-10.213402,4.011428,0
2,4,1,-13.228801,18.815400,-10.213402,2.452938,0
3,4,1,-10.819201,18.815400,-10.213402,1.224142,0
4,4,1,-8.409600,18.815400,-10.213402,0.422868,0
5,4,1,-6.000000,18.815400,-10.213402,1.099160,0
6,4,1,-3.590400,18.815400,-10.213402,1.283404,0
7,4,1,-1.180799,18.815400,-10.213402,0.788499,0
8,4,1,1.228801,18.815400,-10.213402,1.401881,0
9,4,1,3.638402,18.815400,-10.213402,2.698901,0
10,4,1,6.048002,18.815400,-10.213402,4.299666,0
0,5,1,-18.048002,21.225000,-10.213402,5.498720,0
1,5,1,-15.638402,21.225000,-10.213402,3.696090,0
2,5,1,-13.228801,21.225000,-10.213402,2.108529,0
3,5,1,-10.819201,21.225000,-10.213402,0.894326,0
4,5,1,-8.409600,21.225000,-10.213402,0.746486,0
5,5,1,-6.000000,21.225000,-10.213402,2.496665,0
6,5,1,-3.590400,21.225000,-10.213402,2.604080,0
7,5,1,-1.180799,21.225000,-10.213402,1.311645,0
8,5,1,1.228801,21.225000,-10.213402,1.068651,0
9,5,1,3.638402,21.225000,-10.213402,2.358434,0
10,5,1,6.048002,21.225000,-10.213402,3.989864,0
0,6,1,-18.048002,23.634600,-10.213402,5.560637,0
1,6,1,-15.638402,23.634600,-10.213402,3.765063,0
2,6,1,-13.228801,23.634600,-10.213402,2.183711,0
3,6,1,-10.819201,23.634600,-10.213402,0.964730,0
4,6,1,-8.409600,23.634600,-10.213402,0.322757,0
5,6,1,-6.000000,23.634600,-10.213402,2.226940,0
6,6,1,-3.590400,23.634600,-10.213402,2.340332,0
7,6,1,-1.180799,23.634600,-10.213402,1.153546,0
8,6,1,1.228801,23.634600,-10.213402,1.138100,0
9,6,1,3.638402,23.634600,-10.213402,2.432835,0
10,6,1,6.048002,23.634600,-10.213402,4.057618,0
0,7,1,-18.048002,26.044201,-10.213402,5.964200,0
1,7,1,-15.638402,26.044201,-10.213402,4.213593,0
2,7,1,-13.228801,26.044201,-10.213402,2.674302,0
3,7,1,-10.819201,26.044201,-10.213402,1.447775,0
4,7,1,-8.409600,26.044201,-10.213402,0.689042,0
5,7,1,-6.000000,26.044201,-10.213402,0.480955,0
6,7,1,-3.590400,26.044201,-10.213402,0.799283,0
7,7,1,-1.180799,26.044201,-10.213402,0.823728,0
8,7,1,1.228801,26.044201,-10.213402,1.627848,0
9,7,1,3.638402,26.044201,-10.213402,2.917394,0
10,7,1,6.048002,26.044201,-10.213402,4.498344,0
0,8,1,-18.048002,28.453801,-10.213402,6.686722,0
1,8,1,-15.638402,28.453801,-10.213402,5.011970,0
2,8,1,-13.228801,28.453801,-10.213402,3.548218,0
3,8,1,-10.819201,28.453801,-10.213402,2.368938,0
4,8,1,-8.409600,28.453801,-10.213402,1.559203,0
5,8,1,-6.000000,28.453801,-10.213402,1.177285,0
6,8,1,-3.590400,28.453801,-10.213402,1.212330,0
7,8,1,-1.180799,28.453801,-10.213402,1.667477,0
8,8,1,1.228801,28.453801,-10.213402,2.545675,0
9,8,1,3.638402,28.453801,-10.213402,3.779214,0
10,8,1,6.048002,28.453801,-10.213402,5.283519,0
0,9,1,-18.048002,30.863402,-10.213402,7.692023,0
1,9,1,-15.638402,30.863402,-10.213402,6.113110,0
2,9,1,-13.228801,30.863402,-10.213402,4.746259,0
3,9,1,-10.819201,30.863402,-10.213402,3.650871,0
4,9,1,-8.409600,30.863402,-10.213402,2.889683,0
5,9,1,-6.000000,30.863402,-10.213402,2.513926,0
6,9,1,-3.590400,30.863402,-10.213402,2.549145,0
7,9,1,-1.180799,30.863402,-10.213402,2.993021,0
8,9,1,1.228801,30.863402,-10.213402,3.815176,0
9,9,1,3.638402,30.863402,-10.213402,4.961190,0
10,9,1,6.048002,30.863402,-10.213402,6.368042,0
0,10,1,-18.048002,33.273002,-10.213402,8.937949,0
1,10,1,-15.638402,33.273002,-10.213402,7.463804,0
2,10,1,-13.228801,33.273002,-10.213402,6.201295,0
3,10,1,-10.819201,33.273002,-10.213402,5.199421,0
4,10,1,-8.409600,33.273002,-10.213402,4.507623,0
5,10,1,-6.000000,33.273002,-10.213402,4.166622,0
6,10,1,-3.590400,33.273002,-10.213402,4.198596,0
7,10,1,-1.180799,33.273002,-10.213402,4.601408,0
8,10,1,1.228801,33.273002,-10.213402,5.349160,0
9,10,1,3.638402,33.273002,-10.213402,6.398913,0
10,10,1,6.048002,33.273002,-10.213402,7.700737,0
0,0,2,-18.048002,9.176998,-7.803801,8.786426,0
1,0,2,-15.638402,9.176998,-7.803801,7.300289,0
2,0,2,-13.228801,9.176998,-7.803801,6.025965,0
3,0,2,-10.819201,9.176998,-7.803801,5.013544,0
4,0,2,-8.409600,9.176998,-7.803801,4.313829,0
5,0,2,-6.000000,9.176998,-7.803801,3.968746,0
6,0,2,-3.590400,9.176998,-7.803801,4.001108,0
7,0,2,-1.180799,9.176998,-7.803801,4.408716,0
8,0,2,1.228801,9.176998,-7.803801,5.164929,0
9,0,2,3.638402,9.176998,-7.803801,6.225537,0
10,0,2,6.048002,9.176998,-7.803801,7.539273,0
0,1,2,-18.048002,11.586598,-7.803801,7.329626,0
1,1,2,-15.638402,11.586598,-7.803801,5.717412,0
2,1,2,-13.228801,11.586598,-7.803801,4.316957,0
3,1,2,-10.819201,11.586598,-7.803801,3.191664,0
4,1,2,-8.409600,11.586598,-7.803801,2.409734,0
5,1,2,-6.000000,11.586598,-7.803801,2.025221,0
6,1,2,-3.590400,11.586598,-7.803801,2.061170,0
7,1,2,-1.180799,11.586598,-7.803801,2.515751,0
8,1,2,1.228801,11.586598,-7.803801,3.360557,0
9,1,2,3.638402,11.586598,-7.803801,4.537477,0
10,1,2,6.048002,11.586598,-7.803801,5.978104,0
0,2,2,-18.048002,13.996199,-7.803801,6.088853,0
1,2,2,-15.638402,13.996199,-7.803801,4.351762,0
2,2,2,-13.228801,13.996199,-7.803801,2.825669,0
3,2,2,-10.819201,13.996199,-7.803801,1.604183,0
4,2,2,-8.409600,13.996199,-7.803801,0.823517,0
5,2,2,-6.000000,13.996199,-7.803801,0.548004,0
6,2,2,-3.590400,13.996199,-7.803801,0.743704,0
7,2,2,-1.180799,13.996199,-7.803801,0.937813,0
8,2,2,1.228801,13.996199,-7.803801,1.784836,0
9,2,2,3.638402,13.996199,-7.803801,3.066717,0
10,2,2,6.048002,13.996199,-7.803801,4.634162,0
0,3,2,-18.048002,16.405799,-7.803801,5.113486,0
1,3,2,-15.638402,16.405799,-7.803801,3.266094,0
2,3,2,-13.228801,16.405799,-7.803801,1.643825,0
3,3,2,-10.819201,16.405799,-7.803801,0.234239,0
4,3,2,-8.409600,16.405799,-7.803801,2.677364,0
5,3,2,-6.000000,16.405799,-7.803801,3.895304,0
6,3,2,-3.590400,16.405799,-7.803801,4.042939,0
7,3,2,-1.180799,16.405799,-7.803801,3.083211,0
8,3,2,1.228801,16.405799,-7.803801,0.832025,0
9,3,2,3.638402,16.405799,-7.803801,1.896693,0
10,3,2,6.048002,16.405799,-7.803801,3.567549,0
0,4,2,-18.048002,18.815400,-7.803801,4.452638,0
1,4,2,-15.638402,18.815400,-7.803801,2.526177,0
2,4,2,-13.228801,18.815400,-7.803801,0.887951,0
3,4,2,-10.819201,18.815400,-7.803801,2.658692,0
4,4,2,-8.409600,18.815400,-7.803801,4.831826,0
5,4,2,-6.000000,18.815400,-7.803801,5.758677,0
6,4,2,-3.590400,18.815400,-7.803801,5.873930,0
7,4,2,-1.180799,18.815400,-7.803801,5.155859,0
8,4,2,1.228801,18.815400,-7.803801,3.093541,0
9,4,2,3.638402,18.815400,-7.803801,1.134910,0
10,4,2,6.048002,18.815400,-7.803801,2.840629,0
0,5,2,-18.048002,21.225000,-7.803801,4.145730,0
1,5,2,-15.638402,21.225000,-7.803801,2.182872,0
2,5,2,-13.228801,21.225000,-7.803801,0.446821,0
3,5,2,-10.819201,21.225000,-7.803801,3.721928,0
4,5,2,-8.409600,21.225000,-7.803801,5.633759,0
5,5,2,-6.000000,21.225000,-7.803801,6.492062,0
6,5,2,-3.590400,21.225000,-7.803801,6.593607,0
7,5,2,-1.180799,21.225000,-7.803801,5.926236,0
8,5,2,1.228801,21.225000,-7.803801,4.140245,0
9,5,2,3.638402,21.225000,-7.803801,0.863771,0
10,5,2,6.048002,21.225000,-7.803801,2.502667,0
0,6,2,-18.048002,23.634600,-7.803801,4.212845,0
1,6,2,-15.638402,23.634600,-7.803801,2.257842,0
2,6,2,-13.228801,23.634600,-7.803801,0.580969,0
3,6,2,-10.819201,23.634600,-7.803801,3.506696,0
4,6,2,-8.409600,23.634600,-7.803801,5.465402,0
5,6,2,-6.000000,23.634600,-7.803801,6.336772,0
6,6,2,-3.590400,23.634600,-7.803801,6.441321,0
7,6,2,-1.180799,23.634600,-7.803801,5.764795,0
8,6,2,1.228801,23.634600,-7.803801,3.929027,0
9,6,2,3.638402,23.634600,-7.803801,0.907466,0
10,6,2,6.048002,23.634600,-7.803801,2.576548,0
0,7,2,-18.048002,26.044201,-7.803801,4.649498,0
1,7,2,-15.638402,26.044201,-7.803801,2.746707,0
2,7,2,-13.228801,26.044201,-7.803801,1.105533,0
3,7,2,-10.819201,26.044201,-7.803801,1.830266,0
4,7,2,-8.409600,26.044201,-7.803801,4.265993,0
5,7,2,-6.000000,26.044201,-7.803801,5.251931,0
6,7,2,-3.590400,26.044201,-7.803801,5.376097,0
7,7,2,-1.180799,26.044201,-7.803801,4.610668,0
8,7,2,1.228801,26.044201,-7.803801,2.290386,0
9,7,2,3.638402,26.044201,-7.803801,1.352441,0
10,7,2,6.048002,26.044201,-7.803801,3.057397,0
0,8,2,-18.048002,28.453801,-7.803801,5.427799,0
1,8,2,-15.638402,28.453801,-7.803801,3.617036,0
2,8,2,-13.228801,28.453801,-7.803801,2.022512,0
3,8,2,-10.819201,28.453801,-7.803801,0.813354,0
4,8,2,-8.409600,28.453801,-7.803801,1.189655,0
5,8,2,-6.000000,28.453801,-7.803801,2.768941,0
6,8,2,-3.590400,28.453801,-7.803801,2.940610,0
7,8,2,-1.180799,28.453801,-7.803801,1.750893,0
8,8,2,1.228801,28.453801,-7.803801,0.992941,0
9,8,2,3.638402,28.453801,-7.803801,2.273237,0
10,8,2,6.048002,28.453801,-7.803801,3.912215,0
0,9,2,-18.048002,30.863402,-7.803801,6.503668,0
1,9,2,-15.638402,30.863402,-7.803801,4.810266,0
2,9,2,-13.228801,30.863402,-7.803801,3.327704,0
3,9,2,-10.819201,30.863402,-7.803801,2.133777,0
4,9,2,-8.409600,30.863402,-7.803801,1.323284,0
5,9,2,-6.000000,30.863402,-7.803801,0.957133,0
6,9,2,-3.590400,30.863402,-7.803801,0.991603,0
7,9,2,-1.180799,30.863402,-7.803801,1.430408,0
8,9,2,1.228801,30.863402,-7.803801,2.312365,0
9,9,2,3.638402,30.863402,-7.803801,3.561778,0
10,9,2,6.048002,30.863402,-7.803801,5.085060,0
0,10,2,-18.048002,33.273002,-7.803801,7.826965,0
1,10,2,-15.638402,33.273002,-7.803801,6.260110,0
2,10,2,-13.228801,33.273002,-7.803801,4.905384,0
3,10,2,-10.819201,33.273002,-7.803801,3.820859,0
4,10,2,-8.409600,33.273002,-7.803801,3.067519,0
5,10,2,-6.000000,33.273002,-7.803801,2.695457,0
6,10,2,-3.590400,33.273002,-7.803801,2.730343,0
7,10,2,-1.180799,33.273002,-7.803801,3.169802,0
8,10,2,1.228801,33.273002,-7.803801,3.983481,0
9,10,2,3.638402,33.273002,-7.803801,5.118298,0
10,10,2,6.048002,33.273002,-7.803801,6.512960,0
0,0,3,-18.048002,9.176998,-5.394201,7.972479,0
1,0,3,-15.638402,9.176998,-5.394201,6.418423,0
2,0,3,-13.228801,9.176998,-5.394201,5.076540,0
3,0,3,-10.819201,9.176998,-5.394201,4.003538,0
4,0,3,-8.409600,9.176998,-5.394201,3.258632,0
5,0,3,-6.000000,9.176998,-5.394201,2.890661,0
6,0,3,-3.590400,9.176998,-5.394201,2.925173,0
7,0,3,-1.180799,9.176998,-5.394201,3.359770,0
8,0,3,1.228801,9.176998,-5.394201,4.164371,0
9,0,3,3.638402,9.176998,-5.394201,5.287318,0
10,0,3,6.048002,9.176998,-5.394201,6.669067,0
0,1,3,-18.048002,11.586598,-5.394201,6.449207,0
1,1,3,-15.638402,11.586598,-5.394201,4.750182,0
2,1,3,-13.228801,11.586598,-5.394201,3.261967,0
3,1,3,-10.819201,11.586598,-5.394201,2.063865,0
4,1,3,-8.409600,11.586598,-5.394201,1.254204,0
5,1,3,-6.000000,11.586598,-5.394201,0.894199,0
6,1,3,-3.590400,11.586598,-5.394201,0.933084,0
7,1,3,-1.180799,11.586598,-5.394201,1.361170,0
8,1,3,1.228801,11.586598,-5.394201,2.242933,0
9,1,3,3.638402,11.586598,-5.394201,3.496961,0
10,1,3,6.048002,11.586598,-5.394201,5.025955,0
0,2,3,-18.048002,13.996199,-5.394201,5.142985,0
1,2,3,-15.638402,13.996199,-5.394201,3.299068,0
2,2,3,-13.228801,13.996199,-5.394201,1.679090,0
3,2,3,-10.819201,13.996199,-5.394201,0.254253,0
4,2,3,-8.409600,13.996199,-5.394201,2.619175,0
5,2,3,-6.000000,13.996199,-5.394201,3.774336,0
6,2,3,-3.590400,13.996199,-5.394201,4.036821,0
7,2,3,-1.180799,13.996199,-5.394201,3.241582,0
8,2,3,1.228801,13.996199,-5.394201,0.842510,0
9,2,3,3.638402,13.996199,-5.394201,1.931908,0
10,2,3,6.048002,13.996199,-5.394201,3.599932,0
0,3,3,-18.048002,16.405799,-5.394201,4.109732,0
1,3,3,-15.638402,16.405799,-5.394201,2.142698,0
2,3,3,-13.228801,16.405799,-5.394201,0.313594,0
3,3,3,-10.819201,16.405799,-5.394201,3.987811,0
4,3,3,-8.409600,16.405799,-5.394201,5.760818,0
5,3,3,-6.000000,16.405799,-5.394201,6.557730,0
6,3,3,-3.590400,16.405799,-5.394201,6.737339,0
7,3,3,-1.180799,16.405799,-5.394201,6.215730,0
8,3,3,1.228801,16.405799,-5.394201,4.554356,0
9,3,3,3.638402,16.405799,-5.394201,0.855319,0
10,3,3,6.048002,16.405799,-5.394201,2.463053,0
0,4,3,-18.048002,18.815400,-5.394201,3.406575,0
1,4,3,-15.638402,18.815400,-5.394201,1.370773,0
2,4,3,-13.228801,18.815400,-5.394201,2.821179,0
3,4,3,-10.819201,18.815400,-5.394201,5.830034,0
4,4,3,-8.409600,18.815400,-5.394201,7.332740,0
5,4,3,-6.000000,18.815400,-5.394201,8.052090,0
6,4,3,-3.590400,18.815400,-5.394201,8.180334,0
7,4,3,-1.180799,18.815400,-5.394201,7.682156,0
8,4,3,1.228801,18.815400,-5.394201,6.326938,0
9,4,3,3.638402,18.815400,-5.394201,3.174135,0
10,4,3,6.048002,18.815400,-5.394201,1.694816,0
0,5,3,-18.048002,21.225000,-5.394201,3.079403,0
1,5,3,-15.638402,21.225000,-5.394201,1.030775,0
2,5,3,-13.228801,21.225000,-5.394201,3.867670,0
3,5,3,-10.819201,21.225000,-5.394201,6.553669,0
4,5,3,-8.409600,21.225000,-5.394201,7.991352,0
5,5,3,-6.000000,21.225000,-5.394201,8.694874,0
6,5,3,-3.590400,21.225000,-5.394201,8.796707,0
7,5,3,-1.180799,21.225000,-5.394201,8.287111,0
8,5,3,1.228801,21.225000,-5.394201,7.006045,0
9,5,3,3.638402,21.225000,-5.394201,4.300901,0
10,5,3,6.048002,21.225000,-5.394201,1.348294,0
0,6,3,-18.048002,23.634600,-5.394201,3.150970,0
1,6,3,-15.638402,23.634600,-5.394201,1.103866,0
2,6,3,-13.228801,23.634600,-5.394201,3.655413,0
3,6,3,-10.819201,23.634600,-5.394201,6.400550,0
4,6,3,-8.409600,23.634600,-5.394201,7.850130,0
5,6,3,-6.000000,23.634600,-5.394201,8.556065,0
6,6,3,-3.590400,23.634600,-5.394201,8.663914,0
7,6,3,-1.180799,23.634600,-5.394201,8.157995,0
8,6,3,1.228801,23.634600,-5.394201,6.863163,0
9,6,3,3.638402,23.634600,-5.394201,4.078334,0
10,6,3,6.048002,23.634600,-5.394201,1.422772,0
0,7,3,-18.048002,26.044201,-5.394201,3.616261,0
1,7,3,-15.638402,26.044201,-5.394201,1.597041,0
2,7,3,-13.228801,26.044201,-5.394201,2.021903,0
3,7,3,-10.819201,26.044201,-5.394201,5.329387,0
4,7,3,-8.409600,26.044201,-5.394201,6.890091,0
5,7,3,-6.000000,26.044201,-5.394201,7.625921,0
6,7,3,-3.590400,26.044201,-5.394201,7.769977,0
7,7,3,-1.180799,26.044201,-5.394201,7.272025,0
8,7,3,1.228801,26.044201,-5.394201,5.851491,0
9,7,3,3.638402,26.044201,-5.394201,2.178125,0
10,7,3,6.048002,26.044201,-5.394201,1.922085,0
0,8,3,-18.048002,28.453801,-5.394201,4.443329,0
1,8,3,-15.638402,28.453801,-5.394201,2.515750,0
2,8,3,-13.228801,28.453801,-5.394201,0.878582,0
3,8,3,-10.819201,28.453801,-5.394201,2.876206,0
4,8,3,-8.409600,28.453801,-5.394201,4.900373,0
5,8,3,-6.000000,28.453801,-5.394201,5.763285,0
6,8,3,-3.590400,28.453801,-5.394201,5.966855,0
7,8,3,-1.180799,28.453801,-5.394201,5.403577,0
8,8,3,1.228801,28.453801,-5.394201,3.450212,0
9,8,3,3.638402,28.453801,-5.394201,1.124791,0
10,8,3,6.048002,28.453801,-5.394201,2.830375,0
0,9,3,-18.048002,30.863402,-5.394201,5.580671,0
1,9,3,-15.638402,30.863402,-5.394201,3.787372,0
2,9,3,-13.228801,30.863402,-5.394201,2.208051,0
3,9,3,-10.819201,30.863402,-5.394201,0.987321,0
4,9,3,-8.409600,30.863402,-5.394201,0.430796,0
5,9,3,-6.000000,30.863402,-5.394201,2.081175,0
6,9,3,-3.590400,30.863402,-5.394201,2.419408,0
7,9,3,-1.180799,30.863402,-5.394201,1.361208,0
8,9,3,1.228801,30.863402,-5.394201,1.161147,0
9,9,3,3.638402,30.863402,-5.394201,2.456909,0
10,9,3,6.048002,30.863402,-5.394201,4.079534,0
0,10,3,-18.048002,33.273002,-5.394201,6.970405,0
1,10,3,-15.638402,33.273002,-5.394201,5.323809,0
2,10,3,-13.228801,33.273002,-5.394201,3.888549,0
3,10,3,-10.819201,33.273002,-5.394201,2.732964,0
4,10,3,-8.409600,33.273002,-5.394201,1.932734,0
5,10,3,-6.000000,33.273002,-5.394201,1.544184,0
6,10,3,-3.590400,33.273002,-5.394201,1.580233,0
7,10,3,-1.180799,33.273002,-5.394201,2.040746,0
8,10,3,1.228801,33.273002,-5.394201,2.906376,0
9,10,3,3.638402,33.273002,-5.394201,4.114844,0
10,10,3,6.048002,33.273002,-5.394201,5.590464,0
0,0,4,-18.048002,9.176998,-2.984600,7.437423,0
1,0,4,-15.638402,9.176998,-2.984600,5.835257,0
2,0,4,-13.228801,9.176998,-2.984600,4.444957,0
3,0,4,-10.819201,9.176998,-2.984600,3.328657,0
4,0,4,-8.409600,9.176998,-2.984600,2.552787,0
5,0,4,-6.000000,9.176998,-2.984600,2.170609,0
6,0,4,-3.590400,9.176998,-2.984600,2.206378,0
7,0,4,-1.180799,9.176998,-2.984600,2.658045,0
8,0,4,1.228801,9.176998,-2.984600,3.496180,0
9,0,4,3.638402,9.176998,-2.984600,4.663789,0
10,0,4,6.048002,9.176998,-2.984600,6.094209,0
0,1,4,-18.048002,11.586598,-2.984600,5.867074,0
1,1,4,-15.638402,11.586598,-2.984600,4.105812,0
2,1,4,-13.228801,11.586598,-2.984600,2.556256,0
3,1,4,-10.819201,11.586598,-2.984600,1.327327,0
4,1,4,-8.409600,11.586598,-2.984600,0.437092,0
5,1,4,-6.000000,11.586598,-2.984600,0.364085,0
6,1,4,-3.590400,11.586598,-2.984600,1.464182,0
7,1,4,-1.180799,11.586598,-2.984600,0.836422,0
8,1,4,1.228801,11.586598,-2.984600,1.506753,0
9,1,4,3.638402,11.586598,-2.984600,2.800902,0
10,1,4,6.048002,11.586598,-2.984600,4.392415,0
0,2,4,-18.048002,13.996199,-2.984600,4.513959,0
1,2,4,-15.638402,13.996199,-2.984600,2.594863,0
2,2,4,-13.228801,13.996199,-2.984600,0.952697,0
3,2,4,-10.819201,13.996199,-2.984600,2.999125,0
4,2,4,-8.409600,13.996199,-2.984600,4.907355,0
5,2,4,-6.000000,13.996199,-2.984600,5.561941,0
6,2,4,-3.590400,13.996199,-2.984600,5.996534,0
7,2,4,-1.180799,13.996199,-2.984600,5.664482,0
8,2,4,1.228801,13.996199,-2.984600,3.630520,0
9,2,4,3.638402,13.996199,-2.984600,1.201445,0
10,2,4,6.048002,13.996199,-2.984600,2.908162,0
0,3,4,-18.048002,16.405799,-2.984600,3.439274,0
1,3,4,-15.638402,16.405799,-2.984600,1.405657,0
2,3,4,-13.228801,16.405799,-2.984600,3.084063,0
3,3,4,-10.819201,16.405799,-2.984600,6.024155,0
4,3,4,-8.409600,16.405799,-2.984600,7.406437,0
5,3,4,-6.000000,16.405799,-2.984600,7.970808,0
6,3,4,-3.590400,16.405799,-2.984600,8.259125,0
7,3,4,-1.180799,16.405799,-2.984600,7.961573,0
8,3,4,1.228801,16.405799,-2.984600,6.652012,0
9,3,4,3.638402,16.405799,-2.984600,3.333081,0
10,3,4,6.048002,16.405799,-2.984600,1.730082,0
0,4,4,-18.048002,18.815400,-2.984600,2.706774,0
1,4,4,-15.638402,18.815400,-2.984600,0.593776,0
2,4,4,-13.228801,18.815400,-2.984600,5.165138,0
3,4,4,-10.819201,18.815400,-2.984600,7.529623,0
4,4,4,-8.409600,18.815400,-2.984600,8.811278,0
5,4,4,-6.000000,18.815400,-2.984600,9.399353,0
6,4,4,-3.590400,18.815400,-2.984600,9.573608,0
7,4,4,-1.180799,18.815400,-2.984600,9.199169,0
8,4,4,1.228801,18.815400,-2.984600,8.046216,0
9,4,4,3.638402,18.815400,-2.984600,5.675300,0
10,4,4,6.048002,18.815400,-2.984600,0.991265,0
0,5,4,-18.048002,21.225000,-2.984600,2.366441,0
1,5,4,-15.638402,21.225000,-2.984600,0.622365,0
2,5,4,-13.228801,21.225000,-2.984600,5.935700,0
3,5,4,-10.819201,21.225000,-2.984600,8.154644,0
4,5,4,-8.409600,21.225000,-2.984600,9.429832,0
5,5,4,-6.000000,21.225000,-2.984600,10.066817,0
6,5,4,-3.590400,21.225000,-2.984600,10.170042,0
7,5,4,-1.180799,21.225000,-2.984600,9.722984,0
8,5,4,1.228801,21.225000,-2.984600,8.606220,0
9,5,4,3.638402,21.225000,-2.984600,6.442778,0
10,5,4,6.048002,21.225000,-2.984600,0.883667,0
0,6,4,-18.048002,23.634600,-2.984600,2.440815,0
1,6,4,-15.638402,23.634600,-2.984600,0.231079,0
2,6,4,-13.228801,23.634600,-2.984600,5.774405,0
3,6,4,-10.819201,23.634600,-2.984600,8.021001,0
4,6,4,-8.409600,23.634600,-2.984600,9.295199,0
5,6,4,-6.000000,23.634600,-2.984600,9.917728,0
6,6,4,-3.590400,23.634600,-2.984600,10.038394,0
7,6,4,-1.180799,23.634600,-2.984600,9.610518,0
8,6,4,1.228801,23.634600,-2.984600,8.487525,0
9,6,4,3.638402,23.634600,-2.984600,6.284192,0
10,6,4,6.048002,23.634600,-2.984600,0.854719,0
0,7,4,-18.048002,26.044201,-2.984600,2.925173,0
1,7,4,-15.638402,26.044201,-2.984600,0.873231,0
2,7,4,-13.228801,26.044201,-2.984600,4.618376,0
3,7,4,-10.819201,26.044201,-2.984600,7.107360,0
4,7,4,-8.409600,26.044201,-2.984600,8.406618,0
5,7,4,-6.000000,26.044201,-2.984600,8.979638,0
6,7,4,-3.590400,26.044201,-2.984600,9.191234,0
7,7,4,-1.180799,26.044201,-2.984600,8.848332,0
8,7,4,1.228801,26.044201,-2.984600,7.661308,0
9,7,4,3.638402,26.044201,-2.984600,5.113378,0
10,7,4,6.048002,26.044201,-2.984600,1.191947,0
0,8,4,-18.048002,28.453801,-2.984600,3.786605,0
1,8,4,-15.638402,28.453801,-2.984600,1.783930,0
2,8,4,-13.228801,28.453801,-2.984600,1.480604,0
3,8,4,-10.819201,28.453801,-2.984600,5.194809,0
4,8,4,-8.409600,28.453801,-2.984600,6.675194,0
5,8,4,-6.000000,28.453801,-2.984600,7.250843,0
6,8,4,-3.590400,28.453801,-2.984600,7.586647,0
7,8,4,-1.180799,28.453801,-2.984600,7.299724,0
8,8,4,1.228801,28.453801,-2.984600,5.858034,0
9,8,4,3.638402,28.453801,-2.984600,1.360583,0
10,8,4,6.048002,28.453801,-2.984600,2.108187,0
0,9,4,-18.048002,30.863402,-2.984600,4.950301,0
1,9,4,-15.638402,30.863402,-2.984600,3.165089,0
2,9,4,-13.228801,30.863402,-2.984600,2.461308,0
3,9,4,-10.819201,30.863402,-2.984600,0.748471,0
4,9,4,-8.409600,30.863402,-2.984600,3.524920,0
5,9,4,-6.000000,30.863402,-2.984600,4.300575,0
6,9,4,-3.590400,30.863402,-2.984600,4.805902,0
7,9,4,-1.180799,30.863402,-2.984600,4.356496,0
8,9,4,1.228801,30.863402,-2.984600,2.775490,0
9,9,4,3.638402,30.863402,-2.984600,3.554268,0
10,9,4,6.048002,30.863402,-2.984600,3.918006,0
0,10,4,-18.048002,33.273002,-2.984600,6.812040,0
1,10,4,-15.638402,33.273002,-2.984600,6.071849,0
2,10,4,-13.228801,33.273002,-2.984600,5.803218,0
3,10,4,-10.819201,33.273002,-2.984600,5.301721,0
4,10,4,-8.409600,33.273002,-2.984600,1.199614,0
5,10,4,-6.000000,33.273002,-2.984600,0.848267,0
6,10,4,-3.590400,33.273002,-2.984600,0.885305,0
7,10,4,-1.180799,33.273002,-2.984600,1.431736,0
8,10,4,1.228801,33.273002,-2.984600,6.467548,0
9,10,4,3.638402,33.273002,-2.984600,6.901125,0
10,10,4,6.048002,33.273002,-2.984600,7.083718,0
0,0,5,-18.048002,9.176998,-0.575000,7.205446,0
1,0,5,-15.638402,9.176998,-0.575000,5.581504,0
2,0,5,-13.228801,9.176998,-0.575000,4.169184,0
3,0,5,-10.819201,9.176998,-0.575000,3.033455,0
4,0,5,-8.409600,9.176998,-0.575000,2.244777,0
5,0,5,-6.000000,9.176998,-0.575000,1.858048,0
6,0,5,-3.590400,9.176998,-0.575000,1.894145,0
7,0,5,-1.180799,9.176998,-0.575000,2.351601,0
8,0,5,1.228801,9.176998,-0.575000,3.203926,0
9,0,5,3.638402,9.176998,-0.575000,4.391675,0
10,0,5,6.048002,9.176998,-0.575000,5.844228,0
0,1,5,-18.048002,11.586598,-0.575000,5.613789,0
1,1,5,-15.638402,11.586598,-0.575000,3.824242,0
2,1,5,-13.228801,11.586598,-0.575000,2.248295,0
3,1,5,-10.819201,11.586598,-0.575000,1.022192,0
4,1,5,-8.409600,11.586598,-0.575000,1.118867,0
5,1,5,-6.000000,11.586598,-0.575000,2.563580,0
6,1,5,-3.590400,11.586598,-0.575000,3.848524,0
7,1,5,-1.180799,11.586598,-0.575000,1.725697,0
8,1,5,1.228801,11.586598,-0.575000,1.200532,0
9,1,5,3.638402,11.586598,-0.575000,2.496708,0
10,1,5,6.048002,11.586598,-0.575000,4.115753,0
0,2,5,-18.048002,13.996199,-0.575000,4.239347,0
1,2,5,-15.638402,13.996199,-0.575000,2.287466,0
2,2,5,-13.228801,13.996199,-0.575000,0.582592,0
3,2,5,-10.819201,13.996199,-0.575000,4.451775,0
4,2,5,-8.409600,13.996199,-0.575000,6.305419,0
5,2,5,-6.000000,13.996199,-0.575000,6.616855,0
6,2,5,-3.590400,13.996199,-0.575000,7.593996,0
7,2,5,-1.180799,13.996199,-0.575000,7.100059,0
8,2,5,1.228801,13.996199,-0.575000,5.054981,0
9,2,5,3.638402,13.996199,-0.575000,0.934922,0
10,2,5,6.048002,13.996199,-0.575000,2.605728,0
0,3,5,-18.048002,16.405799,-0.575000,3.146017,0
1,3,5,-15.638402,16.405799,-0.575000,1.098040,0
2,3,5,-13.228801,16.405799,-0.575000,4.352659,0
3,3,5,-10.819201,16.405799,-0.575000,7.162428,0
4,3,5,-8.409600,16.405799,-0.575000,8.447799,0
5,3,5,-6.000000,16.405799,-0.575000,8.801435,0
6,3,5,-3.590400,16.405799,-0.575000,9.467364,0
7,3,5,-1.180799,16.405799,-0.575000,9.057699,0
8,3,5,1.228801,16.405799,-0.575000,7.757975,0
9,3,5,3.638402,16.405799,-0.575000,4.712811,0
10,3,5,6.048002,16.405799,-0.575000,1.417666,0
0,4,5,-18.048002,18.815400,-0.575000,2.401082,0
1,4,5,-15.638402,18.815400,-0.575000,0.477108,0
2,4,5,-13.228801,18.815400,-0.575000,6.259337,0
3,4,5,-10.819201,18.815400,-0.575000,8.507906,0
4,4,5,-8.409600,18.815400,-0.575000,9.686882,0
5,4,5,-6.000000,18.815400,-0.575000,10.136942,0
6,4,5,-3.590400,18.815400,-0.575000,10.509346,0
7,4,5,-1.180799,18.815400,-0.575000,10.097625,0
8,4,5,1.228801,18.815400,-0.575000,8.986790,0
9,4,5,3.638402,18.815400,-0.575000,6.732901,0
10,4,5,6.048002,18.815400,-0.575000,0.871990,0
0,5,5,-18.048002,21.225000,-0.575000,2.055932,0
1,5,5,-15.638402,21.225000,-0.575000,2.418349,0
2,5,5,-13.228801,21.225000,-0.575000,6.972034,0
3,5,5,-10.819201,21.225000,-0.575000,9.052693,0
4,5,5,-8.409600,21.225000,-0.575000,10.235228,0
5,5,5,-6.000000,21.225000,-0.575000,10.611673,0
6,5,5,-3.590400,21.225000,-0.575000,10.861147,0
7,5,5,-1.180799,21.225000,-0.575000,10.520169,0
8,5,5,1.228801,21.225000,-0.575000,9.451632,0
9,5,5,3.638402,21.225000,-0.575000,7.438116,0
10,5,5,6.048002,21.225000,-0.575000,1.849891,0
0,6,5,-18.048002,23.634600,-0.575000,2.131253,0
1,6,5,-15.638402,23.634600,-0.575000,2.045516,0
2,6,5,-13.228801,23.634600,-0.575000,6.822696,0
3,6,5,-10.819201,23.634600,-0.575000,8.937402,0
4,6,5,-8.409600,23.634600,-0.575000,10.115419,0
5,6,5,-6.000000,23.634600,-0.575000,10.892025,0
6,6,5,-3.590400,23.634600,-0.575000,10.959614,0
7,6,5,-1.180799,23.634600,-0.575000,10.430929,0
8,6,5,1.228801,23.634600,-0.575000,9.355699,0
9,6,5,3.638402,23.634600,-0.575000,7.292131,0
10,6,5,6.048002,23.634600,-0.575000,1.461587,0
0,7,5,-18.048002,26.044201,-0.575000,2.623023,0
1,7,5,-15.638402,26.044201,-0.575000,0.436996,0
2,7,5,-13.228801,26.044201,-0.575000,5.755572,0
3,7,5,-10.819201,26.044201,-0.575000,8.133761,0
4,7,5,-8.409600,26.044201,-0.575000,9.329600,0
5,7,5,-6.000000,26.044201,-0.575000,9.739125,0
6,7,5,-3.590400,26.044201,-0.575000,10.213396,0
7,7,5,-1.180799,26.044201,-0.575000,9.807165,0
8,7,5,1.228801,26.044201,-0.575000,8.654329,0
9,7,5,3.638402,26.044201,-0.575000,6.220586,0
10,7,5,6.048002,26.044201,-0.575000,0.926089,0
0,8,5,-18.048002,28.453801,-0.575000,3.499467,0
1,8,5,-15.638402,28.453801,-0.575000,1.335876,0
2,8,5,-13.228801,28.453801,-0.575000,3.096432,0
3,8,5,-10.819201,28.453801,-0.575000,6.414485,0
4,8,5,-8.409600,28.453801,-0.575000,7.805100,0
5,8,5,-6.000000,28.453801,-0.575000,8.141190,0
6,8,5,-3.590400,28.453801,-0.575000,8.916222,0
7,8,5,-1.180799,28.453801,-0.575000,8.490091,0
8,8,5,1.228801,28.453801,-0.575000,7.041866,0
9,8,5,3.638402,28.453801,-0.575000,3.167981,0
10,8,5,6.048002,28.453801,-0.575000,1.809422,0
0,9,5,-18.048002,30.863402,-0.575000,4.775822,0
1,9,5,-15.638402,30.863402,-0.575000,4.378861,0
2,9,5,-13.228801,30.863402,-0.575000,6.105934,0
3,9,5,-10.819201,30.863402,-0.575000,5.916341,0
4,9,5,-8.409600,30.863402,-0.575000,6.896511,0
5,9,5,-6.000000,30.863402,-0.575000,5.510810,0
6,9,5,-3.590400,30.863402,-0.575000,7.704866,0
7,9,5,-1.180799,30.863402,-0.575000,7.678377,0
8,9,5,1.228801,30.863402,-0.575000,7.385903,0
9,9,5,3.638402,30.863402,-0.575000,6.950692,0
10,9,5,6.048002,30.863402,-0.575000,5.356181,0
0,10,5,-18.048002,33.273002,-0.575000,7.507948,0
1,10,5,-15.638402,33.273002,-0.575000,8.003659,0
2,10,5,-13.228801,33.273002,-0.575000,9.665679,0
3,10,5,-10.819201,33.273002,-0.575000,11.931760,0
4,10,5,-8.409600,33.273002,-0.575000,14.358230,0
5,10,5,-6.000000,33.273002,-0.575000,15.694275,0
6,10,5,-3.590400,33.273002,-0.575000,16.470481,0
7,10,5,-1.180799,33.273002,-0.575000,14.907325,0
8,10,5,1.228801,33.273002,-0.575000,12.652619,0
9,10,5,3.638402,33.273002,-0.575000,10.558481,0
10,10,5,6.048002,33.273002,-0.575000,9.018182,0
0,0,6,-18.048002,9.176998,1.834600,7.287863,0
1,0,6,-15.638402,9.176998,1.834600,5.671723,0
2,0,6,-13.228801,9.176998,1.834600,4.267298,0
3,0,6,-10.819201,9.176998,1.834600,3.138503,0
4,0,6,-8.409600,9.176998,1.834600,2.354270,0
5,0,6,-6.000000,9.176998,1.834600,1.968946,0
6,0,6,-3.590400,9.176998,1.834600,2.004953,0
7,0,6,-1.180799,9.176998,1.834600,2.460568,0
8,0,6,1.228801,9.176998,1.834600,3.307927,0
9,0,6,3.638402,9.176998,1.834600,4.488478,0
10,0,6,6.048002,9.176998,1.834600,5.933095,0
0,1,6,-18.048002,11.586598,1.834600,5.703840,0
1,1,6,-15.638402,11.586598,1.834600,3.924431,0
2,1,6,-13.228801,11.586598,1.834600,2.357773,0
3,1,6,-10.819201,11.586598,1.834600,1.129344,0
4,1,6,-8.409600,11.586598,1.834600,0.625661,0
5,1,6,-6.000000,11.586598,1.834600,2.993135,0
6,1,6,-3.590400,11.586598,1.834600,3.468604,0
7,1,6,-1.180799,11.586598,1.834600,1.207045,0
8,1,6,1.228801,11.586598,1.834600,1.307111,0
9,1,6,3.638402,11.586598,1.834600,2.604906,0
10,1,6,6.048002,11.586598,1.834600,4.214186,0
0,2,6,-18.048002,13.996199,1.834600,4.337045,0
1,2,6,-15.638402,13.996199,1.834600,2.396755,0
2,2,6,-13.228801,13.996199,1.834600,0.739312,0
3,2,6,-10.819201,13.996199,1.834600,4.184035,0
4,2,6,-8.409600,13.996199,1.834600,6.279561,0
5,2,6,-6.000000,13.996199,1.834600,7.271466,0
6,2,6,-3.590400,13.996199,1.834600,7.707776,0
7,2,6,-1.180799,13.996199,1.834600,6.945506,0
8,2,6,1.228801,13.996199,1.834600,4.705368,0
9,2,6,3.638402,13.996199,1.834600,1.019336,0
10,2,6,6.048002,13.996199,1.834600,2.713317,0
0,3,6,-18.048002,16.405799,1.834600,3.250375,0
1,3,6,-15.638402,16.405799,1.834600,1.206019,0
2,3,6,-13.228801,16.405799,1.834600,4.047571,0
3,3,6,-10.819201,16.405799,1.834600,7.033984,0
4,3,6,-8.409600,16.405799,1.834600,8.536898,0
5,3,6,-6.000000,16.405799,1.834600,9.309831,0
6,3,6,-3.590400,16.405799,1.834600,9.622497,0
7,3,6,-1.180799,16.405799,1.834600,9.054555,0
8,3,6,1.228801,16.405799,1.834600,7.591158,0
9,3,6,3.638402,16.405799,1.834600,4.326113,0
10,3,6,6.048002,16.405799,1.834600,1.527694,0
0,4,6,-18.048002,18.815400,1.834600,2.509794,0
1,4,6,-15.638402,18.815400,1.834600,0.155710,0
2,4,6,-13.228801,18.815400,1.834600,6.054125,0
3,4,6,-10.819201,18.815400,1.834600,8.440722,0
4,4,6,-8.409600,18.815400,1.834600,9.773075,0
5,4,6,-6.000000,18.815400,1.834600,10.449088,0
6,4,6,-3.590400,18.815400,1.834600,10.637515,0
7,4,6,-1.180799,18.815400,1.834600,10.135822,0
8,4,6,1.228801,18.815400,1.834600,8.905755,0
9,4,6,3.638402,18.815400,1.834600,6.496745,0
10,4,6,6.048002,18.815400,1.834600,0.869836,0
0,5,6,-18.048002,21.225000,1.834600,2.166235,0
1,5,6,-15.638402,21.225000,1.834600,1.874669,0
2,5,6,-13.228801,21.225000,1.834600,6.792951,0
3,5,6,-10.819201,21.225000,1.834600,9.018809,0
4,5,6,-8.409600,21.225000,1.834600,10.302380,0
5,5,6,-6.000000,21.225000,1.834600,10.929467,0
6,5,6,-3.590400,21.225000,1.834600,11.035786,0
7,5,6,-1.180799,21.225000,1.834600,10.569415,0
8,5,6,1.228801,21.225000,1.834600,9.424809,0
9,5,6,3.638402,21.225000,1.834600,7.236749,0
10,5,6,6.048002,21.225000,1.834600,1.319657,0
0,6,6,-18.048002,23.634600,1.834600,2.241255,0
1,6,6,-15.638402,23.634600,1.834600,1.441603,0
2,6,6,-13.228801,23.634600,1.834600,6.638406,0
3,6,6,-10.819201,23.634600,1.834600,8.895597,0
4,6,6,-8.409600,23.634600,1.834600,10.188194,0
5,6,6,-6.000000,23.634600,1.834600,10.858407,0
6,6,6,-3.590400,23.634600,1.834600,10.968376,0
7,6,6,-1.180799,23.634600,1.834600,10.478162,0
8,6,6,1.228801,23.634600,1.834600,9.315392,0
9,6,6,3.638402,23.634600,1.834600,7.083865,0
10,6,6,6.048002,23.634600,1.834600,1.074710,0
0,7,6,-18.048002,26.044201,1.834600,2.730513,0
1,7,6,-15.638402,26.044201,1.834600,0.637966,0
2,7,6,-13.228801,26.044201,1.834600,5.529316,0
3,7,6,-10.819201,26.044201,1.834600,8.047845,0
4,7,6,-8.409600,26.044201,1.834600,9.421092,0
5,7,6,-6.000000,26.044201,1.834600,11.797372,0
6,7,6,-3.590400,26.044201,1.834600,10.488382,0
7,7,6,-1.180799,26.044201,1.834600,9.835701,0
8,7,6,1.228801,26.044201,1.834600,8.545457,0
9,7,6,3.638402,26.044201,1.834600,5.955682,0
10,7,6,6.048002,26.044201,1.834600,1.010236,0
0,8,6,-18.048002,28.453801,1.834600,3.601646,0
1,8,6,-15.638402,28.453801,1.834600,1.581118,0
2,8,6,-13.228801,28.453801,1.834600,2.667361,0
3,8,6,-10.819201,28.453801,1.834600,6.254056,0
4,8,6,-8.409600,28.453801,1.834600,7.881288,0
5,8,6,-6.000000,28.453801,1.834600,14.849140,0
6,8,6,-3.590400,28.453801,1.834600,12.264536,0
7,8,6,-1.180799,28.453801,1.834600,8.456739,0
8,8,6,1.228801,28.453801,1.834600,6.834096,0
9,8,6,3.638402,28.453801,1.834600,2.535287,0
10,8,6,6.048002,28.453801,1.834600,1.906168,0
0,9,6,-18.048002,30.863402,1.834600,4.769637,0
1,9,6,-15.638402,30.863402,1.834600,3.860544,0
2,9,6,-13.228801,30.863402,1.834600,5.009200,0
3,9,6,-10.819201,30.863402,1.834600,4.162678,0
4,9,6,-8.409600,30.863402,1.834600,5.024966,0
5,9,6,-6.000000,30.863402,1.834600,18.693113,0
6,9,6,-3.590400,30.863402,1.834600,15.250326,0
7,9,6,-1.180799,30.863402,1.834600,5.714158,0
8,9,6,1.228801,30.863402,1.834600,6.041809,0
9,9,6,3.638402,30.863402,1.834600,5.855543,0
10,9,6,6.048002,30.863402,1.834600,4.783829,0
0,10,6,-18.048002,33.273002,1.834600,7.255985,0
1,10,6,-15.638402,33.273002,1.834600,7.425394,0
2,10,6,-13.228801,33.273002,1.834600,8.716294,0
3,10,6,-10.819201,33.273002,1.834600,10.542680,0
4,10,6,-8.409600,33.273002,1.834600,11.361555,0
5,10,6,-6.000000,33.273002,1.834600,21.431625,0
6,10,6,-3.590400,33.273002,1.834600,22.599485,0
7,10,6,-1.180799,33.273002,1.834600,12.160547,0
8,10,6,1.228801,33.273002,1.834600,11.213897,0
9,10,6,3.638402,33.273002,1.834600,9.579172,0
10,10,6,6.048002,33.273002,1.834600,8.405795,0
0,0,7,-18.048002,9.176998,4.244201,7.680594,0
1,0,7,-15.638402,9.176998,4.244201,6.100651,0
2,0,7,-13.228801,9.176998,4.244201,4.732764,0
3,0,7,-10.819201,9.176998,4.244201,3.636448,0
4,0,7,-8.409600,9.176998,4.244201,2.874596,0
5,0,7,-6.000000,9.176998,4.244201,2.498533,0
6,0,7,-3.590400,9.176998,4.244201,2.533779,0
7,0,7,-1.180799,9.176998,4.244201,2.978022,0
8,0,7,1.228801,9.176998,4.244201,3.800897,0
9,0,7,3.638402,9.176998,4.244201,4.947867,0
10,0,7,6.048002,9.176998,4.244201,6.355761,0
0,1,7,-18.048002,11.586598,4.244201,6.131990,0
1,1,7,-15.638402,11.586598,4.244201,4.399535,0
2,1,7,-13.228801,11.586598,4.244201,2.878006,0
3,1,7,-10.819201,11.586598,4.244201,1.658745,0
4,1,7,-8.409600,11.586598,4.244201,0.868966,0
5,1,7,-6.000000,11.586598,4.244201,0.712404,0
6,1,7,-3.590400,11.586598,4.244201,0.853395,0
7,1,7,-1.180799,11.586598,4.244201,0.984621,0
8,1,7,1.228801,11.586598,4.244201,1.839427,0
9,1,7,3.638402,11.586598,4.244201,3.118338,0
10,1,7,6.048002,11.586598,4.244201,4.681128,0
0,2,7,-18.048002,13.996199,4.244201,4.800582,0
1,2,7,-15.638402,13.996199,4.244201,2.915945,0
2,2,7,-13.228801,13.996199,4.244201,1.276054,0
3,2,7,-10.819201,13.996199,4.244201,2.240295,0
4,2,7,-8.409600,13.996199,4.244201,5.159615,0
5,2,7,-6.000000,13.996199,4.244201,6.302078,0
6,2,7,-3.590400,13.996199,4.244201,6.500488,0
7,2,7,-1.180799,13.996199,4.244201,5.581796,0
8,2,7,1.228801,13.996199,4.244201,2.220796,0
9,2,7,3.638402,13.996199,4.244201,1.526829,0
10,2,7,6.048002,13.996199,4.244201,3.223660,0
0,3,7,-18.048002,16.405799,4.244201,3.745033,0
1,3,7,-15.638402,16.405799,4.244201,1.738118,0
2,3,7,-13.228801,16.405799,4.244201,1.974813,0
3,3,7,-10.819201,16.405799,4.244201,5.986140,0
4,3,7,-8.409600,16.405799,4.244201,7.712605,0
5,3,7,-6.000000,16.405799,4.244201,8.552866,0
6,3,7,-3.590400,16.405799,4.244201,8.711477,0
7,3,7,-1.180799,16.405799,4.244201,8.093380,0
8,3,7,1.228801,16.405799,4.244201,6.424668,0
9,3,7,3.638402,16.405799,4.244201,1.633573,0
10,3,7,6.048002,16.405799,4.244201,2.062685,0
0,4,7,-18.048002,18.815400,4.244201,3.025892,0
1,4,7,-15.638402,18.815400,4.244201,0.975824,0
2,4,7,-13.228801,18.815400,4.244201,4.793982,0
3,4,7,-10.819201,18.815400,4.244201,7.556852,0
4,4,7,-8.409600,18.815400,4.244201,9.022214,0
5,4,7,-6.000000,18.815400,4.244201,9.746718,0
6,4,7,-3.590400,18.815400,4.244201,9.861370,0
7,4,7,-1.180799,18.815400,4.244201,9.322967,0
8,4,7,1.228801,18.815400,4.244201,7.965946,0
9,4,7,3.638402,18.815400,4.244201,5.070988,0
10,4,7,6.048002,18.815400,4.244201,1.293370,0
0,5,7,-18.048002,21.225000,4.244201,2.691364,0
1,5,7,-15.638402,21.225000,4.244201,0.578441,0
2,5,7,-13.228801,21.225000,4.244201,5.675237,0
3,5,7,-10.819201,21.225000,4.244201,8.180759,0
4,5,7,-8.409600,21.225000,4.244201,9.564720,0
5,5,7,-6.000000,21.225000,4.244201,10.244320,0
6,5,7,-3.590400,21.225000,4.244201,10.332213,0
7,5,7,-1.180799,21.225000,4.244201,9.817026,0
8,5,7,1.228801,21.225000,4.244201,8.557112,0
9,5,7,3.638402,21.225000,4.244201,6.016308,0
10,5,7,6.048002,21.225000,4.244201,0.978041,0
0,6,7,-18.048002,23.634600,4.244201,2.764518,0
1,6,7,-15.638402,23.634600,4.244201,0.688198,0
2,6,7,-13.228801,23.634600,4.244201,5.494264,0
3,6,7,-10.819201,23.634600,4.244201,8.048698,0
4,6,7,-8.409600,23.634600,4.244201,9.448930,0
5,6,7,-6.000000,23.634600,4.244201,10.138033,0
6,6,7,-3.590400,23.634600,4.244201,10.232275,0
7,6,7,-1.180799,23.634600,4.244201,9.712544,0
8,6,7,1.228801,23.634600,4.244201,8.432999,0
9,6,7,3.638402,23.634600,4.244201,5.826191,0
10,6,7,6.048002,23.634600,4.244201,1.040029,0
0,7,7,-18.048002,26.044201,4.244201,3.240362,0
1,7,7,-15.638402,26.044201,4.244201,1.195987,0
2,7,7,-13.228801,26.044201,4.244201,4.136559,0
3,7,7,-10.819201,26.044201,4.244201,7.126334,0
4,7,7,-8.409600,26.044201,4.244201,8.654743,0
5,7,7,-6.000000,26.044201,4.244201,11.792049,0
6,7,7,-3.590400,26.044201,4.244201,11.391447,0
7,7,7,-1.180799,26.044201,4.244201,8.982600,0
8,7,7,1.228801,26.044201,4.244201,7.551096,0
9,7,7,3.638402,26.044201,4.244201,4.323805,0
10,7,7,6.048002,26.044201,4.244201,1.517025,0
0,8,7,-18.048002,28.453801,4.244201,4.086036,0
1,8,7,-15.638402,28.453801,4.244201,2.116269,0
2,8,7,-13.228801,28.453801,4.244201,0.332982,0
3,8,7,-10.819201,28.453801,4.244201,5.070113,0
4,8,7,-8.409600,28.453801,4.244201,9.225238,0
5,8,7,-6.000000,28.453801,4.244201,16.279530,0
6,8,7,-3.590400,28.453801,4.244201,15.750799,0
7,8,7,-1.180799,28.453801,4.244201,8.268112,0
8,8,7,1.228801,28.453801,4.244201,5.485740,0
9,8,7,3.638402,28.453801,4.244201,0.842095,0
10,8,7,6.048002,28.453801,4.244201,2.436982,0
0,9,7,-18.048002,30.863402,4.244201,5.247089,0
1,9,7,-15.638402,30.863402,4.244201,3.415377,0
2,9,7,-13.228801,30.863402,4.244201,1.804117,0
3,9,7,-10.819201,30.863402,4.244201,0.563874,0
4,9,7,-8.409600,30.863402,4.244201,12.759019,0
5,9,7,-6.000000,30.863402,4.244201,20.375733,0
6,9,7,-3.590400,30.863402,4.244201,20.095603,0
7,9,7,-1.180799,30.863402,4.244201,10.185252,0
8,9,7,1.228801,30.863402,4.244201,0.842672,0
9,9,7,3.638402,30.863402,4.244201,2.056437,0
10,9,7,6.048002,30.863402,4.244201,3.714156,0
0,10,7,-18.048002,33.273002,4.244201,6.673331,0
1,10,7,-15.638402,33.273002,4.244201,5.260011,0
2,10,7,-13.228801,33.273002,4.244201,3.937504,0
3,10,7,-10.819201,33.273002,4.244201,2.337580,0
4,10,7,-8.409600,33.273002,4.244201,19.293713,0
5,10,7,-6.000000,33.273002,4.244201,22.610245,0
6,10,7,-3.590400,33.273002,4.244201,22.829601,0
7,10,7,-1.180799,33.273002,4.244201,14.598125,0
8,10,7,1.228801,33.273002,4.244201,2.514581,0
9,10,7,3.638402,33.273002,4.244201,4.720033,0
10,10,7,6.048002,33.273002,4.244201,5.948953,0
0,0,8,-18.048002,9.176998,6.653801,8.365092,0
1,0,8,-15.638402,9.176998,6.653801,6.844555,0
2,0,8,-13.228801,9.176998,6.653801,5.536145,0
3,0,8,-10.819201,9.176998,6.653801,4.493197,0
4,0,8,-8.409600,9.176998,6.653801,3.770604,0
5,0,8,-6.000000,9.176998,6.653801,3.413807,0
6,0,8,-3.590400,9.176998,6.653801,3.447275,0
7,0,8,-1.180799,9.176998,6.653801,3.868669,0
8,0,8,1.228801,9.176998,6.653801,4.649346,0
9,0,8,3.638402,9.176998,6.653801,5.741364,0
10,0,8,6.048002,9.176998,6.653801,7.089434,0
0,1,8,-18.048002,11.586598,6.653801,6.874623,0
1,1,8,-15.638402,11.586598,6.653801,5.218621,0
2,1,8,-13.228801,11.586598,6.653801,3.773837,0
3,1,8,-10.819201,11.586598,6.653801,2.610181,0
4,1,8,-8.409600,11.586598,6.653801,1.805992,0
5,1,8,-6.000000,11.586598,6.653801,1.418149,0
6,1,8,-3.590400,11.586598,6.653801,1.454055,0
7,1,8,-1.180799,11.586598,6.653801,1.914296,0
8,1,8,1.228801,11.586598,6.653801,2.784755,0
9,1,8,3.638402,11.586598,6.653801,4.001708,0
10,1,8,6.048002,11.586598,6.653801,5.486911,0
0,2,8,-18.048002,13.996199,6.653801,5.600825,0
1,2,8,-15.638402,13.996199,6.653801,3.809810,0
2,2,8,-13.228801,13.996199,6.653801,2.232540,0
3,2,8,-10.819201,13.996199,6.653801,1.009013,0
4,2,8,-8.409600,13.996199,6.653801,1.693983,0
5,2,8,-6.000000,13.996199,6.653801,3.702432,0
6,2,8,-3.590400,13.996199,6.653801,3.772562,0
7,2,8,-1.180799,13.996199,6.653801,1.646207,0
8,2,8,1.228801,13.996199,6.653801,1.184984,0
9,2,8,3.638402,13.996199,6.653801,2.481129,0
10,2,8,6.048002,13.996199,6.653801,4.101576,0
0,3,8,-18.048002,16.405799,6.653801,4.596292,0
1,3,8,-15.638402,16.405799,6.653801,2.687100,0
2,3,8,-13.228801,16.405799,6.653801,1.045734,0
3,3,8,-10.819201,16.405799,6.653801,3.373334,0
4,3,8,-8.409600,16.405799,6.653801,5.840257,0
5,3,8,-6.000000,16.405799,6.653801,6.845712,0
6,3,8,-3.590400,16.405799,6.653801,6.946884,0
7,3,8,-1.180799,16.405799,6.653801,6.087147,0
8,3,8,1.228801,16.405799,6.653801,3.416500,0
9,3,8,3.638402,16.405799,6.653801,1.292401,0
10,3,8,6.048002,16.405799,6.653801,2.998822,0
0,4,8,-18.048002,18.815400,6.653801,3.914055,0
1,4,8,-15.638402,18.815400,6.653801,1.924941,0
2,4,8,-13.228801,18.815400,6.653801,1.009375,0
3,4,8,-10.819201,18.815400,6.653801,5.635046,0
4,4,8,-8.409600,18.815400,6.653801,7.447144,0
5,4,8,-6.000000,18.815400,6.653801,8.274743,0
6,4,8,-3.590400,18.815400,6.653801,8.362931,0
7,4,8,-1.180799,18.815400,6.653801,7.685201,0
8,4,8,1.228801,18.815400,6.653801,5.910938,0
9,4,8,3.638402,18.815400,6.653801,0.965276,0
10,4,8,6.048002,18.815400,6.653801,2.247952,0
0,5,8,-18.048002,21.225000,6.653801,3.596826,0
1,5,8,-15.638402,21.225000,6.653801,1.575860,0
2,5,8,-13.228801,21.225000,6.653801,2.830736,0
3,5,8,-10.819201,21.225000,6.653801,6.421603,0
4,5,8,-8.409600,21.225000,6.653801,8.075872,0
5,5,8,-6.000000,21.225000,6.653801,8.846370,0
6,5,8,-3.590400,21.225000,6.653801,8.925237,0
7,5,8,-1.180799,21.225000,6.653801,8.297245,0
8,5,8,1.228801,21.225000,6.653801,6.712669,0
9,5,8,3.638402,21.225000,6.653801,2.496753,0
10,5,8,6.048002,21.225000,6.653801,1.900921,0
0,6,8,-18.048002,23.634600,6.653801,3.666215,0
1,6,8,-15.638402,23.634600,6.653801,1.651614,0
2,6,8,-13.228801,23.634600,6.653801,2.489715,0
3,6,8,-10.819201,23.634600,6.653801,6.258342,0
4,6,8,-8.409600,23.634600,6.653801,7.943199,0
5,6,8,-6.000000,23.634600,6.653801,8.725328,0
6,6,8,-3.590400,23.634600,6.653801,8.806393,0
7,6,8,-1.180799,23.634600,6.653801,8.168710,0
8,6,8,1.228801,23.634600,6.653801,6.547976,0
9,6,8,3.638402,23.634600,6.653801,2.050653,0
10,6,8,6.048002,23.634600,6.653801,1.976556,0
0,7,8,-18.048002,26.044201,6.653801,4.117415,0
1,7,8,-15.638402,26.044201,6.653801,2.151270,0
2,7,8,-13.228801,26.044201,6.653801,0.447448,0
3,7,8,-10.819201,26.044201,6.653801,5.065343,0
4,7,8,-8.409600,26.044201,6.653801,8.897348,0
5,7,8,-6.000000,26.044201,6.653801,11.715294,0
6,7,8,-3.590400,26.044201,6.653801,11.550872,0
7,7,8,-1.180799,26.044201,6.653801,8.610172,0
8,7,8,1.228801,26.044201,6.653801,5.315227,0
9,7,8,3.638402,26.044201,6.653801,0.850467,0
10,7,8,6.048002,26.044201,6.653801,2.471507,0
0,8,8,-18.048002,28.453801,6.653801,4.920324,0
1,8,8,-15.638402,28.453801,6.653801,3.050011,0
2,8,8,-13.228801,28.453801,6.653801,1.415239,0
3,8,8,-10.819201,28.453801,6.653801,7.047665,0
4,8,8,-8.409600,28.453801,6.653801,13.704838,0
5,8,8,-6.000000,28.453801,6.653801,16.906184,0
6,8,8,-3.590400,28.453801,6.653801,16.698026,0
7,8,8,-1.180799,28.453801,6.653801,13.000020,0
8,8,8,1.228801,28.453801,6.653801,5.691562,0
9,8,8,3.638402,28.453801,6.653801,1.667331,0
10,8,8,6.048002,28.453801,6.653801,3.355338,0
0,9,8,-18.048002,30.863402,6.653801,6.027169,0
1,9,8,-15.638402,30.863402,6.653801,4.283413,0
2,9,8,-13.228801,30.863402,6.653801,2.750788,0
3,9,8,-10.819201,30.863402,6.653801,10.653600,0
4,9,8,-8.409600,30.863402,6.653801,20.510692,0
5,9,8,-6.000000,30.863402,6.653801,21.858581,0
6,9,8,-3.590400,30.863402,6.653801,21.830960,0
7,9,8,-1.180799,30.863402,6.653801,19.672302,0
8,9,8,1.228801,30.863402,6.653801,8.182459,0
9,9,8,3.638402,30.863402,6.653801,2.992853,0
10,9,8,6.048002,30.863402,6.653801,4.566972,0
0,10,8,-18.048002,33.273002,6.653801,7.384031,0
1,10,8,-15.638402,33.273002,6.653801,5.776903,0
2,10,8,-13.228801,33.273002,6.653801,4.381591,0
3,10,8,-10.819201,33.273002,6.653801,13.604296,0
4,10,8,-8.409600,33.273002,6.653801,23.541259,0
5,10,8,-6.000000,33.273002,6.653801,24.249602,0
6,10,8,-3.590400,33.273002,6.653801,24.264595,0
7,10,8,-1.180799,33.273002,6.653801,22.899999,0
8,10,8,1.228801,33.273002,6.653801,10.677851,0
9,10,8,3.638402,33.273002,6.653801,4.601256,0
10,10,8,6.048002,33.273002,6.653801,6.036714,0
0,0,9,-18.048002,9.176998,9.063402,9.312290,0
1,0,9,-15.638402,9.176998,9.063402,7.866949,0
2,0,9,-13.228801,9.176998,9.063402,6.632677,0
3,0,9,-10.819201,9.176998,9.063402,5.655914,0
4,0,9,-8.409600,9.176998,9.063402,4.982955,0
5,0,9,-6.000000,9.176998,9.063402,4.651683,0
6,0,9,-3.590400,9.176998,9.063402,4.682733,0
7,0,9,-1.180799,9.176998,9.063402,5.074113,0
8,0,9,1.228801,9.176998,9.063402,5.801738,0
9,0,9,3.638402,9.176998,9.063402,6.825634,0
10,0,9,6.048002,9.176998,9.063402,8.098969,0
0,1,9,-18.048002,11.586598,9.063402,7.895422,0
1,1,9,-15.638402,11.586598,9.063402,6.334614,0
2,1,9,-13.228801,11.586598,9.063402,4.985960,0
3,1,9,-10.819201,11.586598,9.063402,3.906881,0
4,1,9,-8.409600,11.586598,9.063402,3.157515,0
5,1,9,-6.000000,11.586598,9.063402,2.787368,0
6,1,9,-3.590400,11.586598,9.063402,2.822080,0
7,1,9,-1.180799,11.586598,9.063402,3.259260,0
8,1,9,1.228801,11.586598,9.063402,4.068658,0
9,1,9,3.638402,11.586598,9.063402,5.197864,0
10,1,9,6.048002,11.586598,9.063402,6.586421,0
0,2,9,-18.048002,13.996199,9.063402,6.693466,0
1,2,9,-15.638402,13.996199,9.063402,5.019394,0
2,2,9,-13.228801,13.996199,9.063402,3.556329,0
3,2,9,-10.819201,13.996199,9.063402,2.377602,0
4,2,9,-8.409600,13.996199,9.063402,1.567982,0
5,2,9,-6.000000,13.996199,9.063402,1.185659,0
6,2,9,-3.590400,13.996199,9.063402,1.220898,0
7,2,9,-1.180799,13.996199,9.063402,1.676301,0
8,2,9,1.228801,13.996199,9.063402,2.554265,0
9,2,9,3.638402,13.996199,9.063402,3.787213,0
10,2,9,6.048002,13.996199,9.063402,5.290825,0
0,3,9,-18.048002,16.405799,9.063402,5.752175,0
1,3,9,-15.638402,16.405799,9.063402,3.978171,0
2,3,9,-13.228801,16.405799,9.063402,2.416549,0
3,3,9,-10.819201,16.405799,9.063402,1.188053,0
4,3,9,-8.409600,16.405799,9.063402,0.860404,0
5,3,9,-6.000000,16.405799,9.063402,2.960691,0
6,3,9,-3.590400,16.405799,9.063402,2.946188,0
7,3,9,-1.180799,16.405799,9.063402,0.923910,0
8,3,9,1.228801,16.405799,9.063402,1.365364,0
9,3,9,3.638402,16.405799,9.063402,2.662965,0
10,3,9,6.048002,16.405799,9.063402,4.266988,0
0,4,9,-18.048002,18.815400,9.063402,5.116320,0
1,4,9,-15.638402,18.815400,9.063402,3.269262,0
2,4,9,-13.228801,18.815400,9.063402,1.647217,0
3,4,9,-10.819201,18.815400,9.063402,0.635173,0
4,4,9,-8.409600,18.815400,9.063402,4.257173,0
5,4,9,-6.000000,18.815400,9.063402,5.487794,0
6,4,9,-3.590400,18.815400,9.063402,5.538151,0
7,4,9,-1.180799,18.815400,9.063402,4.325309,0
8,4,9,1.228801,18.815400,9.063402,0.837732,0
9,4,9,3.638402,18.815400,9.063402,1.900073,0
10,4,9,6.048002,18.815400,9.063402,3.570660,0
0,5,9,-18.048002,21.225000,9.063402,4.821535,0
1,5,9,-15.638402,21.225000,9.063402,2.939410,0
2,5,9,-13.228801,21.225000,9.063402,1.300437,0
3,5,9,-10.819201,21.225000,9.063402,2.303147,0
4,5,9,-8.409600,21.225000,9.063402,5.252007,0
5,5,9,-6.000000,21.225000,9.063402,6.309941,0
6,5,9,-3.590400,21.225000,9.063402,6.365112,0
7,5,9,-1.180799,21.225000,9.063402,5.370277,0
8,5,9,1.228801,21.225000,9.063402,2.008463,0
9,5,9,3.638402,21.225000,9.063402,1.551252,0
10,5,9,6.048002,21.225000,9.063402,3.246708,0
0,6,9,-18.048002,23.634600,9.063402,4.885973,0
1,6,9,-15.638402,23.634600,9.063402,3.011558,0
2,6,9,-13.228801,23.634600,9.063402,1.755180,0
3,6,9,-10.819201,23.634600,9.063402,5.229918,0
4,6,9,-8.409600,23.634600,9.063402,6.971390,0
5,6,9,-6.000000,23.634600,9.063402,8.065110,0
6,6,9,-3.590400,23.634600,9.063402,8.073993,0
7,6,9,-1.180799,23.634600,9.063402,7.004720,0
8,6,9,1.228801,23.634600,9.063402,5.179363,0
9,6,9,3.638402,23.634600,9.063402,1.634224,0
10,6,9,6.048002,23.634600,9.063402,3.317572,0
0,7,9,-18.048002,26.044201,9.063402,5.305573,0
1,7,9,-15.638402,26.044201,9.063402,3.480676,0
2,7,9,-13.228801,26.044201,9.063402,3.929572,0
3,7,9,-10.819201,26.044201,9.063402,10.145247,0
4,7,9,-8.409600,26.044201,9.063402,12.312600,0
5,7,9,-6.000000,26.044201,9.063402,13.613256,0
6,7,9,-3.590400,26.044201,9.063402,13.539541,0
7,7,9,-1.180799,26.044201,9.063402,12.139922,0
8,7,9,1.228801,26.044201,9.063402,9.166169,0
9,7,9,3.638402,26.044201,9.063402,3.124722,0
10,7,9,6.048002,26.044201,9.063402,3.778286,0
0,8,9,-18.048002,28.453801,9.063402,6.055145,0
1,8,9,-15.638402,28.453801,9.063402,4.314417,0
2,8,9,-13.228801,28.453801,9.063402,6.360260,0
3,8,9,-10.819201,28.453801,9.063402,13.881761,0
4,8,9,-8.409600,28.453801,9.063402,18.598960,0
5,8,9,-6.000000,28.453801,9.063402,19.759440,0
6,8,9,-3.590400,28.453801,9.063402,19.714246,0
7,8,9,-1.180799,28.453801,9.063402,18.091264,0
8,8,9,1.228801,28.453801,9.063402,12.690635,0
9,8,9,3.638402,28.453801,9.063402,5.249031,0
10,8,9,6.048002,28.453801,9.063402,4.597450,0
0,9,9,-18.048002,30.863402,9.063402,7.094765,0
1,9,9,-15.638402,30.863402,9.063402,5.460230,0
2,9,9,-13.228801,30.863402,9.063402,8.871199,0
3,9,9,-10.819201,30.863402,9.063402,17.444954,0
4,9,9,-8.409600,30.863402,9.063402,21.843489,0
5,9,9,-6.000000,30.863402,9.063402,22.873694,0
6,9,9,-3.590400,30.863402,9.063402,22.808970,0
7,9,9,-1.180799,30.863402,9.063402,21.423146,0
8,9,9,1.228801,30.863402,9.063402,16.182047,0
9,9,9,3.638402,30.863402,9.063402,7.497705,0
10,9,9,6.048002,30.863402,9.063402,5.724792,0
0,10,9,-18.048002,33.273002,9.063402,8.378492,0
1,10,9,-15.638402,33.273002,9.063402,6.859074,0
2,10,9,-13.228801,33.273002,9.063402,11.449166,0
3,10,9,-10.819201,33.273002,9.063402,20.886331,0
4,10,9,-8.409600,33.273002,9.063402,24.686765,0
5,10,9,-6.000000,33.273002,9.063402,25.280685,0
6,10,9,-3.590400,33.273002,9.063402,25.254828,0
7,10,9,-1.180799,33.273002,9.063402,24.386013,0
8,10,9,1.228801,33.273002,9.063402,19.616670,0
9,10,9,3.638402,33.273002,9.063402,9.815567,0
10,10,9,6.048002,33.273002,9.063402,7.103761,0
0,0,10,-18.048002,9.176998,11.473002,10.487840,0
1,0,10,-15.638402,9.176998,11.473002,9.125978,0
2,0,10,-13.228801,9.176998,11.473002,7.972353,0
3,0,10,-10.819201,9.176998,11.473002,7.066456,0
4,0,10,-8.409600,9.176998,11.473002,6.446309,0
5,0,10,-6.000000,9.176998,11.473002,6.142285,0
6,0,10,-3.590400,9.176998,11.473002,6.170746,0
7,0,10,-1.180799,9.176998,11.473002,6.530115,0
8,0,10,1.228801,9.176998,11.473002,7.201275,0
9,0,10,3.638402,9.176998,11.473002,8.152075,0
10,0,10,6.048002,9.176998,11.473002,9.343848,0
0,1,10,-18.048002,11.586598,11.473002,9.152698,0
1,1,10,-15.638402,11.586598,11.473002,7.695218,0
2,1,10,-13.228801,11.586598,11.473002,6.449070,0
3,1,10,-10.819201,11.586598,11.473002,5.461763,0
4,1,10,-8.409600,11.586598,11.473002,4.780898,0
5,1,10,-6.000000,11.586598,11.473002,4.445541,0
6,1,10,-3.590400,11.586598,11.473002,4.476980,0
7,1,10,-1.180799,11.586598,11.473002,4.873159,0
8,1,10,1.228801,11.586598,11.473002,5.609230,0
9,1,10,3.638402,11.586598,11.473002,6.643986,0
10,1,10,6.048002,11.586598,11.473002,7.929307,0
0,2,10,-18.048002,13.996199,11.473002,8.028947,0
1,2,10,-15.638402,13.996199,11.473002,6.479802,0
2,2,10,-13.228801,13.996199,11.473002,5.142838,0
3,2,10,-10.819201,13.996199,11.473002,4.074254,0
4,2,10,-8.409600,13.996199,11.473002,3.332603,0
5,2,10,-6.000000,13.996199,11.473002,2.966236,0
6,2,10,-3.590400,13.996199,11.473002,3.000599,0
7,2,10,-1.180799,13.996199,11.473002,3.433295,0
8,2,10,1.228801,13.996199,11.473002,4.234399,0
9,2,10,3.638402,13.996199,11.473002,5.352799,0
10,2,10,6.048002,13.996199,11.473002,6.729600,0
0,3,10,-18.048002,16.405799,11.473002,7.155436,0
1,3,10,-15.638402,16.405799,11.473002,5.526724,0
2,3,10,-13.228801,16.405799,11.473002,4.109576,0
3,3,10,-10.819201,16.405799,11.473002,2.969628,0
4,3,10,-8.409600,16.405799,11.473002,2.276814,0
5,3,10,-6.000000,16.405799,11.473002,2.385979,0
6,3,10,-3.590400,16.405799,11.473002,2.357386,0
7,3,10,-1.180799,16.405799,11.473002,2.322961,0
8,3,10,1.228801,16.405799,11.473002,3.140731,0
9,3,10,3.638402,16.405799,11.473002,4.332869,0
10,3,10,6.048002,16.405799,11.473002,5.790276,0
0,4,10,-18.048002,18.815400,11.473002,6.568940,0
1,4,10,-15.638402,18.815400,11.473002,4.882231,0
2,4,10,-13.228801,18.815400,11.473002,3.406411,0
3,4,10,-10.819201,18.815400,11.473002,3.194497,0
4,4,10,-8.409600,18.815400,11.473002,4.727233,0
5,4,10,-6.000000,18.815400,11.473002,5.730939,0
6,4,10,-3.590400,18.815400,11.473002,5.634360,0
7,4,10,-1.180799,18.815400,11.473002,4.470155,0
8,4,10,1.228801,18.815400,11.473002,3.019724,0
9,4,10,3.638402,18.815400,11.473002,3.639386,0
10,4,10,6.048002,18.815400,11.473002,5.155861,0
0,5,10,-18.048002,21.225000,11.473002,6.298062,0
1,5,10,-15.638402,21.225000,11.473002,4.583254,0
2,5,10,-13.228801,21.225000,11.473002,3.813122,0
3,5,10,-10.819201,21.225000,11.473002,6.152636,0
4,5,10,-8.409600,21.225000,11.473002,8.579309,0
5,5,10,-6.000000,21.225000,11.473002,9.753127,0
6,5,10,-3.590400,21.225000,11.473002,9.658958,0
7,5,10,-1.180799,21.225000,11.473002,8.236847,0
8,5,10,1.228801,21.225000,11.473002,5.682069,0
9,5,10,3.638402,21.225000,11.473002,3.675343,0
10,5,10,6.048002,21.225000,11.473002,4.861774,0
0,6,10,-18.048002,23.634600,11.473002,6.357217,0
1,6,10,-15.638402,23.634600,11.473002,4.665916,0
2,6,10,-13.228801,23.634600,11.473002,6.070266,0
3,6,10,-10.819201,23.634600,11.473002,9.688708,0
4,6,10,-8.409600,23.634600,11.473002,12.540167,0
5,6,10,-6.000000,23.634600,11.473002,13.851556,0
6,6,10,-3.590400,23.634600,11.473002,13.739952,0
7,6,10,-1.180799,23.634600,11.473002,12.157077,0
8,6,10,1.228801,23.634600,11.473002,9.085673,0
9,6,10,3.638402,23.634600,11.473002,5.540036,0
10,6,10,6.048002,23.634600,11.473002,4.926057,0
0,7,10,-18.048002,26.044201,11.473002,6.743189,0
1,7,10,-15.638402,26.044201,11.473002,5.630059,0
2,7,10,-13.228801,26.044201,11.473002,8.910741,0
3,7,10,-10.819201,26.044201,11.473002,13.309497,0
4,7,10,-8.409600,26.044201,11.473002,16.312610,0
5,7,10,-6.000000,26.044201,11.473002,17.597487,0
6,7,10,-3.590400,26.044201,11.473002,17.484964,0
7,7,10,-1.180799,26.044201,11.473002,15.930513,0
8,7,10,1.228801,26.044201,11.473002,12.627711,0
9,7,10,3.638402,26.044201,11.473002,8.154747,0
10,7,10,6.048002,26.044201,11.473002,5.547346,0
0,8,10,-18.048002,28.453801,11.473002,7.435920,0
1,8,10,-15.638402,28.453801,11.473002,7.304207,0
2,8,10,-13.228801,28.453801,11.473002,11.948422,0
3,8,10,-10.819201,28.453801,11.473002,16.867157,0
4,8,10,-8.409600,28.453801,11.473002,19.763312,0
5,8,10,-6.000000,28.453801,11.473002,20.843780,0
6,8,10,-3.590400,28.453801,11.473002,20.753951,0
7,8,10,-1.180799,28.453801,11.473002,19.421007,0
8,8,10,1.228801,28.453801,11.473002,16.152601,0
9,8,10,3.638402,28.453801,11.473002,11.022966,0
10,8,10,6.048002,28.453801,11.473002,6.914293,0
0,9,10,-18.048002,30.863402,11.473002,8.403147,0
1,9,10,-15.638402,30.863402,11.473002,9.316543,0
2,9,10,-13.228801,30.863402,11.473002,15.077811,0
3,9,10,-10.819201,30.863402,11.473002,20.281668,0
4,9,10,-8.409600,30.863402,11.473002,22.870855,0
5,9,10,-6.000000,30.863402,11.473002,23.686044,0
6,9,10,-3.590400,30.863402,11.473002,23.622983,0
7,9,10,-1.180799,30.863402,11.473002,22.591284,0
8,9,10,1.228801,30.863402,11.473002,19.579063,0
9,9,10,3.638402,30.863402,11.473002,14.013017,0
10,9,10,6.048002,30.863402,11.473002,8.683252,0
0,10,10,-18.048002,33.273002,11.473002,9.606719,0
1,10,10,-15.638402,33.273002,11.473002,11.507039,0
2,10,10,-13.228801,33.273002,11.473002,18.248669,0
3,10,10,-10.819201,33.273002,11.473002,23.512027,0
4,10,10,-8.409600,33.273002,11.473002,25.676758,0
5,10,10,-6.000000,33.273002,11.473002,26.224628,0
6,10,10,-3.590400,33.273002,11.473002,26.186779,0
7,10,10,-1.180799,33.273002,11.473002,25.467729,0
8,10,10,1.228801,33.273002,11.473002,22.858812,0
9,10,10,3.638402,33.273002,11.473002,17.072278,0
10,10,10,6.048002,33.273002,11.473002,10.664794,0