ix,iy,iz,x,y,z,posErr,targetDist,ok
0,0,0,-11.078594,-4.078594,-19.078594,14.895594,14.521983,0
1,0,0,-9.262875,-4.078594,-19.078594,14.313025,13.939414,0
2,0,0,-7.447157,-4.078594,-19.078594,13.848561,13.474950,0
3,0,0,-5.631438,-4.078594,-19.078594,13.508849,13.135238,0
4,0,0,-3.815719,-4.078594,-19.078594,13.299069,12.925457,0
5,0,0,-2.000000,-4.078594,-19.078594,13.222560,12.848949,0
6,0,0,-0.184281,-4.078594,-19.078594,13.280572,12.906961,0
7,0,0,1.631438,-4.078594,-19.078594,13.472156,13.098545,0
8,0,0,3.447157,-4.078594,-19.078594,13.794248,13.420637,0
9,0,0,5.262875,-4.078594,-19.078594,14.241901,13.868290,0
10,0,0,7.078594,-4.078594,-19.078594,14.808646,14.435035,0
0,1,0,-11.078594,-2.262875,-19.078594,13.874230,13.500619,0
1,1,0,-9.262875,-2.262875,-19.078594,13.267405,12.893794,0
2,1,0,-7.447157,-2.262875,-19.078594,12.782743,12.409132,0
3,1,0,-5.631438,-2.262875,-19.078594,12.427745,12.054134,0
4,1,0,-3.815719,-2.262875,-19.078594,12.208299,11.834688,0
5,1,0,-2.000000,-2.262875,-19.078594,12.128222,11.754611,0
6,1,0,-0.184281,-2.262875,-19.078594,12.188942,11.815330,0
7,1,0,1.631438,-2.262875,-19.078594,12.389374,12.015763,0
8,1,0,3.447157,-2.262875,-19.078594,12.726015,12.352404,0
9,1,0,5.262875,-2.262875,-19.078594,13.193239,12.819628,0
10,1,0,7.078594,-2.262875,-19.078594,13.783735,13.410124,0
0,2,0,-11.078594,-0.447157,-19.078594,12.946181,12.572570,0
1,2,0,-9.262875,-0.447157,-19.078594,12.315472,11.941861,0
2,2,0,-7.447157,-0.447157,-19.078594,11.810813,11.437202,0
3,2,0,-5.631438,-0.447157,-19.078594,11.440616,11.067004,0
4,2,0,-3.815719,-0.447157,-19.078594,11.211528,10.837917,0
5,2,0,-2.000000,-0.447157,-19.078594,11.127884,10.754273,0
6,2,0,-0.184281,-0.447157,-19.078594,11.191311,10.817700,0
7,2,0,1.631438,-0.447157,-19.078594,11.400572,11.026961,0
8,2,0,3.447157,-0.447157,-19.078594,11.751689,11.378078,0
9,2,0,5.262875,-0.447157,-19.078594,12.238300,11.864689,0
10,2,0,7.078594,-0.447157,-19.078594,12.852202,12.478591,0
0,3,0,-11.078594,1.368562,-19.078594,12.122565,11.748954,0
1,3,0,-9.262875,1.368562,-19.078594,11.469005,11.095393,0
2,3,0,-7.447157,1.368562,-19.078594,10.945109,10.571497,0
3,3,0,-5.631438,1.368562,-19.078594,10.560223,10.186611,0
4,3,0,-3.815719,1.368562,-19.078594,10.321788,9.948177,0
5,3,0,-2.000000,1.368562,-19.078594,10.234681,9.861070,0
6,3,0,-0.184281,1.368562,-19.078594,10.300737,9.927125,0
7,3,0,1.631438,1.368562,-19.078594,10.518560,10.144949,0
8,3,0,3.447157,1.368562,-19.078594,10.883672,10.510061,0
9,3,0,5.262875,1.368562,-19.078594,11.388948,11.015336,0
10,3,0,7.078594,1.368562,-19.078594,12.025261,11.651650,0
0,4,0,-11.078594,3.184281,-19.078594,11.414769,11.041158,0
1,4,0,-9.262875,3.184281,-19.078594,10.740184,10.366573,0
2,4,0,-7.447157,3.184281,-19.078594,10.198495,9.824884,0
3,4,0,-5.631438,3.184281,-19.078594,9.799963,9.426352,0
4,4,0,-3.815719,3.184281,-19.078594,9.552817,9.179206,0
5,4,0,-2.000000,3.184281,-19.078594,9.462476,9.088865,0
6,4,0,-0.184281,3.184281,-19.078594,9.530986,9.157375,0
7,4,0,1.631438,3.184281,-19.078594,9.756793,9.383181,0
8,4,0,3.447157,3.184281,-19.078594,10.134914,9.761302,0
9,4,0,5.262875,3.184281,-19.078594,10.657464,10.283853,0
10,4,0,7.078594,3.184281,-19.078594,11.314414,10.940802,0
0,5,0,-11.078594,5.000000,-19.078594,10.833932,10.460321,0
1,5,0,-9.262875,5.000000,-19.078594,10.141039,9.767428,0
2,5,0,-7.447157,5.000000,-19.078594,9.583778,9.210167,0
3,5,0,-5.631438,5.000000,-19.078594,9.173255,8.799644,0
4,5,0,-3.815719,5.000000,-19.078594,8.918432,8.544820,0
5,5,0,-2.000000,5.000000,-19.078594,8.825237,8.451625,0
6,5,0,-0.184281,5.000000,-19.078594,8.895914,8.522302,0
7,5,0,1.631438,5.000000,-19.078594,9.128758,8.755146,0
8,5,0,3.447157,5.000000,-19.078594,9.518315,9.144704,0
9,5,0,5.262875,5.000000,-19.078594,10.055993,9.682382,0
10,5,0,7.078594,5.000000,-19.078594,10.730925,10.357314,0
0,6,0,-11.078594,6.815719,-19.078594,10.390278,10.016667,0
1,6,0,-9.262875,6.815719,-19.078594,9.682706,9.309094,0
2,6,0,-7.447157,6.815719,-19.078594,9.112907,8.739296,0
3,6,0,-5.631438,6.815719,-19.078594,8.692694,8.319083,0
4,6,0,-3.815719,6.815719,-19.078594,8.431650,8.058038,0
5,6,0,-2.000000,6.815719,-19.078594,8.336139,7.962528,0
6,6,0,-0.184281,6.815719,-19.078594,8.408574,8.034963,0
7,6,0,1.631438,6.815719,-19.078594,8.647122,8.273510,0
8,6,0,3.447157,6.815719,-19.078594,9.045925,8.672314,0
9,6,0,5.262875,6.815719,-19.078594,9.595790,9.222179,0
10,6,0,7.078594,6.815719,-19.078594,10.285149,9.911538,0
0,7,0,-11.078594,8.631438,-19.078594,10.092364,9.718753,0
1,7,0,-9.262875,8.631438,-19.078594,9.374574,9.000963,0
2,7,0,-7.447157,8.631438,-19.078594,8.796019,8.422408,0
3,7,0,-5.631438,8.631438,-19.078594,8.369020,7.995409,0
4,7,0,-3.815719,8.631438,-19.078594,8.103611,7.730000,0
5,7,0,-2.000000,8.631438,-19.078594,8.006473,7.632862,0
6,7,0,-0.184281,8.631438,-19.078594,8.080144,7.706533,0
7,7,0,1.631438,8.631438,-19.078594,8.322694,7.949083,0
8,7,0,3.447157,8.631438,-19.078594,8.727975,8.354364,0
9,7,0,5.262875,8.631438,-19.078594,9.286354,8.912743,0
10,7,0,7.078594,8.631438,-19.078594,9.985760,9.612149,0
0,8,0,-11.078594,10.447157,-19.078594,9.946334,9.572723,0
1,8,0,-9.262875,10.447157,-19.078594,9.223426,8.849814,0
2,8,0,-7.447157,10.447157,-19.078594,8.640475,8.266864,0
3,8,0,-5.631438,10.447157,-19.078594,8.210064,7.836453,0
4,8,0,-3.815719,10.447157,-19.078594,7.942457,7.568846,0
5,8,0,-2.000000,10.447157,-19.078594,7.844499,7.470888,0
6,8,0,-0.184281,10.447157,-19.078594,7.918792,7.545181,0
7,8,0,1.631438,10.447157,-19.078594,8.163359,7.789748,0
8,8,0,3.447157,10.447157,-19.078594,8.571897,8.198286,0
9,8,0,5.262875,10.447157,-19.078594,9.134552,8.760941,0
10,8,0,7.078594,10.447157,-19.078594,9.838992,9.465381,0
0,9,0,-11.078594,12.262875,-19.078594,9.955328,9.581716,0
1,9,0,-9.262875,12.262875,-19.078594,9.232736,8.859125,0
2,9,0,-7.447157,12.262875,-19.078594,8.650059,8.276447,0
3,9,0,-5.631438,12.262875,-19.078594,8.219859,7.846248,0
4,9,0,-3.815719,12.262875,-19.078594,7.952389,7.578777,0
5,9,0,-2.000000,12.262875,-19.078594,7.854482,7.480871,0
6,9,0,-0.184281,12.262875,-19.078594,7.928737,7.555125,0
7,9,0,1.631438,12.262875,-19.078594,8.173178,7.799566,0
8,9,0,3.447157,12.262875,-19.078594,8.581514,8.207903,0
9,9,0,5.262875,12.262875,-19.078594,9.143903,8.770292,0
10,9,0,7.078594,12.262875,-19.078594,9.848031,9.474420,0
0,10,0,-11.078594,14.078594,-19.078594,10.119148,9.745537,0
1,10,0,-9.262875,14.078594,-19.078594,9.402289,9.028678,0
2,10,0,-7.447157,14.078594,-19.078594,8.824533,8.450922,0
3,10,0,-5.631438,14.078594,-19.078594,8.398154,8.024543,0
4,10,0,-3.815719,14.078594,-19.078594,8.133144,7.759532,0
5,10,0,-2.000000,14.078594,-19.078594,8.036155,7.662543,0
6,10,0,-0.184281,14.078594,-19.078594,8.109712,7.736101,0
7,10,0,1.631438,14.078594,-19.078594,8.351897,7.978286,0
8,10,0,3.447157,14.078594,-19.078594,8.756586,8.382975,0
9,10,0,5.262875,14.078594,-19.078594,9.314189,8.940577,0
10,10,0,7.078594,14.078594,-19.078594,10.012679,9.639067,0
0,0,1,-11.078594,-4.078594,-17.262875,13.601756,13.228145,0
1,0,1,-9.262875,-4.078594,-17.262875,12.988112,12.614500,0
2,0,1,-7.447157,-4.078594,-17.262875,12.497750,12.124139,0
3,0,1,-5.631438,-4.078594,-17.262875,12.138427,11.764816,0
4,0,1,-3.815719,-4.078594,-17.262875,11.916241,11.542630,0
5,0,1,-2.000000,-4.078594,-17.262875,11.835151,11.461539,0
6,0,1,-0.184281,-4.078594,-17.262875,11.896639,11.523028,0
7,0,1,1.631438,-4.078594,-17.262875,12.099581,11.725969,0
8,0,1,3.447157,-4.078594,-17.262875,12.440340,12.066729,0
9,0,1,5.262875,-4.078594,-17.262875,12.913088,12.539477,0
10,0,1,7.078594,-4.078594,-17.262875,13.510266,13.136654,0
0,1,1,-11.078594,-2.262875,-17.262875,12.524877,12.151266,0
1,1,1,-9.262875,-2.262875,-17.262875,11.882685,11.509074,0
2,1,1,-7.447157,-2.262875,-17.262875,11.368373,10.994761,0
3,1,1,-5.631438,-2.262875,-17.262875,10.990812,10.617201,0
4,1,1,-3.815719,-2.262875,-17.262875,10.757043,10.383432,0
5,1,1,-2.000000,-2.262875,-17.262875,10.671665,10.298054,0
6,1,1,-0.184281,-2.262875,-17.262875,10.736408,10.362797,0
7,1,1,1.631438,-2.262875,-17.262875,10.949958,10.576346,0
8,1,1,3.447157,-2.262875,-17.262875,11.308089,10.934477,0
9,1,1,5.262875,-2.262875,-17.262875,11.804065,11.430453,0
10,1,1,7.078594,-2.262875,-17.262875,12.429226,12.055615,0
0,2,1,-11.078594,-0.447157,-17.262875,11.541954,11.168343,0
1,2,1,-9.262875,-0.447157,-17.262875,10.871248,10.497636,0
2,2,1,-7.447157,-0.447157,-17.262875,10.332848,9.959237,0
3,2,1,-5.631438,-0.447157,-17.262875,9.936843,9.563232,0
4,2,1,-3.815719,-0.447157,-17.262875,9.691312,9.317701,0
5,2,1,-2.000000,-0.447157,-17.262875,9.601572,9.227961,0
6,2,1,-0.184281,-0.447157,-17.262875,9.669626,9.296015,0
7,2,1,1.631438,-0.447157,-17.262875,9.893952,9.520341,0
8,2,1,3.447157,-0.447157,-17.262875,10.269664,9.896052,0
9,2,1,5.262875,-0.447157,-17.262875,10.789020,10.415408,0
10,2,1,7.078594,-0.447157,-17.262875,11.442161,11.068550,0
0,3,1,-11.078594,1.368562,-17.262875,10.665633,10.292021,0
1,3,1,-9.262875,1.368562,-17.262875,9.967244,9.593633,0
2,3,1,-7.447157,1.368562,-17.262875,9.405296,9.031684,0
3,3,1,-5.631438,1.368562,-17.262875,8.991153,8.617542,0
4,3,1,-3.815719,1.368562,-17.262875,8.734008,8.360396,0
5,3,1,-2.000000,1.368562,-17.262875,8.639949,8.266337,0
6,3,1,-0.184281,1.368562,-17.262875,8.711282,8.337670,0
7,3,1,1.631438,1.368562,-17.262875,8.946254,8.572643,0
8,3,1,3.447157,1.368562,-17.262875,9.339265,8.965654,0
9,3,1,5.262875,1.368562,-17.262875,9.881499,9.507888,0
10,3,1,7.078594,1.368562,-17.262875,10.561830,10.188219,0
0,4,1,-11.078594,3.184281,-17.262875,9.909160,9.535549,0
1,4,1,-9.262875,3.184281,-17.262875,9.184937,8.811325,0
2,4,1,-7.447157,3.184281,-17.262875,8.600856,8.227245,0
3,4,1,-5.631438,3.184281,-17.262875,8.169567,7.795956,0
4,4,1,-3.815719,3.184281,-17.262875,7.901394,7.527783,0
5,4,1,-2.000000,3.184281,-17.262875,7.803225,7.429614,0
6,4,1,-0.184281,3.184281,-17.262875,7.877679,7.504067,0
7,4,1,1.631438,3.184281,-17.262875,8.122764,7.749153,0
8,4,1,3.447157,3.184281,-17.262875,8.532141,8.158529,0
9,4,1,5.262875,3.184281,-17.262875,9.095895,8.722284,0
10,4,1,7.078594,3.184281,-17.262875,9.801629,9.428017,0
0,5,1,-11.078594,5.000000,-17.262875,9.285785,8.912174,0
1,5,1,-9.262875,5.000000,-17.262875,8.538762,8.165151,0
2,5,1,-7.447157,5.000000,-17.262875,7.935020,7.561409,0
3,5,1,-5.631438,5.000000,-17.262875,7.488414,7.114802,0
4,5,1,-3.815719,5.000000,-17.262875,7.210349,6.836738,0
5,5,1,-2.000000,5.000000,-17.262875,7.108486,6.734875,0
6,5,1,-0.184281,5.000000,-17.262875,7.185745,6.812134,0
7,5,1,1.631438,5.000000,-17.262875,7.439905,7.066294,0
8,5,1,3.447157,5.000000,-17.262875,7.863912,7.490301,0
9,5,1,5.262875,5.000000,-17.262875,8.446800,8.073189,0
10,5,1,7.078594,5.000000,-17.262875,9.174972,8.801361,0
0,6,1,-11.078594,6.815719,-17.262875,8.807920,8.434309,0
1,6,1,-9.262875,6.815719,-17.262875,8.042404,7.668792,0
2,6,1,-7.447157,6.815719,-17.262875,7.422621,7.049010,0
3,6,1,-5.631438,6.815719,-17.262875,6.963455,6.589844,0
4,6,1,-3.815719,6.815719,-17.262875,6.677251,6.303639,0
5,6,1,-2.000000,6.815719,-17.262875,6.572341,6.198730,0
6,6,1,-0.184281,6.815719,-17.262875,6.651914,6.278303,0
7,6,1,1.631438,6.815719,-17.262875,6.913545,6.539934,0
8,6,1,3.447157,6.815719,-17.262875,7.349554,6.975943,0
9,6,1,5.262875,6.815719,-17.262875,7.948064,7.574453,0
10,6,1,7.078594,6.815719,-17.262875,8.694452,8.320841,0
0,7,1,-11.078594,8.631438,-17.262875,8.486136,8.112525,0
1,7,1,-9.262875,8.631438,-17.262875,7.707631,7.334020,0
2,7,1,-7.447157,8.631438,-17.262875,7.076532,6.702920,0
3,7,1,-5.631438,8.631438,-17.262875,6.608470,6.234859,0
4,7,1,-3.815719,8.631438,-17.262875,6.316483,5.942872,0
5,7,1,-2.000000,8.631438,-17.262875,6.209406,5.835795,0
6,7,1,-0.184281,8.631438,-17.262875,6.290626,5.917014,0
7,7,1,1.631438,8.631438,-17.262875,6.557565,6.183954,0
8,7,1,3.447157,8.631438,-17.262875,7.002079,6.628468,0
9,7,1,5.262875,8.631438,-17.262875,7.611617,7.238006,0
10,7,1,7.078594,8.631438,-17.262875,8.370808,7.997196,0
0,8,1,-11.078594,10.447157,-17.262875,8.328131,7.954519,0
1,8,1,-9.262875,10.447157,-17.262875,7.543082,7.169471,0
2,8,1,-7.447157,10.447157,-17.262875,6.906264,6.532653,0
3,8,1,-5.631438,10.447157,-17.262875,6.433697,6.060086,0
4,8,1,-3.815719,10.447157,-17.262875,6.138776,5.765164,0
5,8,1,-2.000000,10.447157,-17.262875,6.030598,5.656986,0
6,8,1,-0.184281,10.447157,-17.262875,6.112653,5.739042,0
7,8,1,1.631438,10.447157,-17.262875,6.382287,6.008676,0
8,8,1,3.447157,10.447157,-17.262875,6.831110,6.457499,0
9,8,1,5.262875,10.447157,-17.262875,7.446223,7.072612,0
10,8,1,7.078594,10.447157,-17.262875,8.211866,7.838255,0
0,9,1,-11.078594,12.262875,-17.262875,8.337867,7.964256,0
1,9,1,-9.262875,12.262875,-17.262875,7.553225,7.179613,0
2,9,1,-7.447157,12.262875,-17.262875,6.916762,6.543151,0
3,9,1,-5.631438,12.262875,-17.262875,6.444475,6.070864,0
4,9,1,-3.815719,12.262875,-17.262875,6.149737,5.776126,0
5,9,1,-2.000000,12.262875,-17.262875,6.041627,5.668016,0
6,9,1,-0.184281,12.262875,-17.262875,6.123631,5.750020,0
7,9,1,1.631438,12.262875,-17.262875,6.393097,6.019486,0
8,9,1,3.447157,12.262875,-17.262875,6.841652,6.468041,0
9,9,1,5.262875,12.262875,-17.262875,7.456418,7.082807,0
10,9,1,7.078594,12.262875,-17.262875,8.221660,7.848049,0
0,10,1,-11.078594,14.078594,-17.262875,8.515097,8.141486,0
1,10,1,-9.262875,14.078594,-17.262875,7.737780,7.364168,0
2,10,1,-7.447157,14.078594,-17.262875,7.107716,6.734105,0
3,10,1,-5.631438,14.078594,-17.262875,6.640471,6.266860,0
4,10,1,-3.815719,14.078594,-17.262875,6.349015,5.975403,0
5,10,1,-2.000000,14.078594,-17.262875,6.242137,5.868526,0
6,10,1,-0.184281,14.078594,-17.262875,6.323205,5.949594,0
7,10,1,1.631438,14.078594,-17.262875,6.589657,6.216046,0
8,10,1,3.447157,14.078594,-17.262875,7.033391,6.659780,0
9,10,1,5.262875,14.078594,-17.262875,7.641919,7.268308,0
10,10,1,7.078594,14.078594,-17.262875,8.399939,8.026327,0
0,0,2,-11.078594,-4.078594,-15.447157,12.376700,12.003089,0
1,0,2,-9.262875,-4.078594,-15.447157,11.730368,11.356757,0
2,0,2,-7.447157,-4.078594,-15.447157,11.212569,10.838957,0
3,0,2,-5.631438,-4.078594,-15.447157,10.832345,10.458733,0
4,0,2,-3.815719,-4.078594,-15.447157,10.596880,10.223269,0
5,0,2,-2.000000,-4.078594,-15.447157,10.510874,10.137263,0
6,0,2,-0.184281,-4.078594,-15.447157,10.576093,10.202482,0
7,0,2,1.631438,-4.078594,-15.447157,10.791196,10.417585,0
8,0,2,3.447157,-4.078594,-15.447157,11.151865,10.778254,0
9,0,2,5.262875,-4.078594,-15.447157,11.651225,11.277614,0
10,0,2,7.078594,-4.078594,-15.447157,12.280447,11.906836,0
0,1,2,-11.078594,-2.262875,-15.447157,11.241246,10.867634,0
1,1,2,-9.262875,-2.262875,-15.447157,10.561295,10.187683,0
2,1,2,-7.447157,-2.262875,-15.447157,10.015049,9.641438,0
3,1,2,-5.631438,-2.262875,-15.447157,9.613013,9.239402,0
4,1,2,-3.815719,-2.262875,-15.447157,9.363626,8.990015,0
5,1,2,-2.000000,-2.262875,-15.447157,9.272453,8.898842,0
6,1,2,-0.184281,-2.262875,-15.447157,9.341595,8.967984,0
7,1,2,1.631438,-2.262875,-15.447157,9.569455,9.195844,0
8,1,2,3.447157,-2.262875,-15.447157,9.950918,9.577306,0
9,1,2,5.262875,-2.262875,-15.447157,10.477894,10.104282,0
10,1,2,7.078594,-2.262875,-15.447157,11.140112,10.766501,0
0,2,2,-11.078594,-0.447157,-15.447157,10.199585,9.825974,0
1,2,2,-9.262875,-0.447157,-15.447157,9.485506,9.111895,0
2,2,2,-7.447157,-0.447157,-15.447157,8.910135,8.536524,0
3,2,2,-5.631438,-0.447157,-15.447157,8.485606,8.111994,0
4,2,2,-3.815719,-0.447157,-15.447157,8.221785,7.848174,0
5,2,2,-2.000000,-0.447157,-15.447157,8.125240,7.751629,0
6,2,2,-0.184281,-0.447157,-15.447157,8.198461,7.824850,0
7,2,2,1.631438,-0.447157,-15.447157,8.439554,8.065943,0
8,2,2,3.447157,-0.447157,-15.447157,8.842478,8.468866,0
9,2,2,5.262875,-0.447157,-15.447157,9.397761,9.024150,0
10,2,2,7.078594,-0.447157,-15.447157,10.093516,9.719905,0
0,3,2,-11.078594,1.368562,-15.447157,9.266009,8.892398,0
1,3,2,-9.262875,1.368562,-15.447157,8.518239,8.144627,0
2,3,2,-7.447157,1.368562,-15.447157,7.913850,7.540239,0
3,3,2,-5.631438,1.368562,-15.447157,7.466738,7.093127,0
4,3,2,-3.815719,1.368562,-15.447157,7.188347,6.814736,0
5,3,2,-2.000000,1.368562,-15.447157,7.086361,6.712750,0
6,3,2,-0.184281,1.368562,-15.447157,7.163713,6.790102,0
7,3,2,1.631438,1.368562,-15.447157,7.418174,7.044562,0
8,3,2,3.447157,1.368562,-15.447157,7.842663,7.469052,0
9,3,2,5.262875,1.368562,-15.447157,8.426180,8.052569,0
10,3,2,7.078594,1.368562,-15.447157,9.155088,8.781477,0
0,4,2,-11.078594,3.184281,-15.447157,8.455884,8.082273,0
1,4,2,-9.262875,3.184281,-15.447157,7.676135,7.302524,0
2,4,2,-7.447157,3.184281,-15.447157,7.043949,6.670338,0
3,4,2,-5.631438,3.184281,-15.447157,6.575032,6.201421,0
4,4,2,-3.815719,3.184281,-15.447157,6.282489,5.908877,0
5,4,2,-2.000000,3.184281,-15.447157,6.175203,5.801592,0
6,4,2,-0.184281,3.184281,-15.447157,6.256581,5.882970,0
7,4,2,1.631438,3.184281,-15.447157,6.524032,6.150420,0
8,4,2,3.447157,3.184281,-15.447157,6.969364,6.595752,0
9,4,2,5.262875,3.184281,-15.447157,7.579961,7.206350,0
10,4,2,7.078594,3.184281,-15.447157,8.340378,7.966767,0
0,5,2,-11.078594,5.000000,-15.447157,7.784979,7.411368,0
1,5,2,-9.262875,5.000000,-15.447157,6.976553,6.602941,0
2,5,2,-7.447157,5.000000,-15.447157,6.319214,5.945603,0
3,5,2,-5.631438,5.000000,-15.447157,5.830414,5.456802,0
4,5,2,-3.815719,5.000000,-15.447157,5.524890,5.151279,0
5,5,2,-2.000000,5.000000,-15.447157,5.412728,5.039116,0
6,5,2,-0.184281,5.000000,-15.447157,5.497811,5.124199,0
7,5,2,1.631438,5.000000,-15.447157,5.777183,5.403572,0
8,5,2,3.447157,5.000000,-15.447157,6.241538,5.867927,0
9,5,2,5.262875,5.000000,-15.447157,6.876667,6.503056,0
10,5,2,7.078594,5.000000,-15.447157,7.665376,7.291765,0
0,6,2,-11.078594,6.815719,-15.447157,7.268429,6.894818,0
1,6,2,-9.262875,6.815719,-15.447157,6.436409,6.062798,0
2,6,2,-7.447157,6.815719,-15.447157,5.758209,5.384598,0
3,6,2,-5.631438,6.815719,-15.447157,5.252802,4.879191,0
4,6,2,-3.815719,6.815719,-15.447157,4.936381,4.562770,0
5,6,2,-2.000000,6.815719,-15.447157,4.820112,4.446500,0
6,6,2,-0.184281,6.815719,-15.447157,4.908315,4.534704,0
7,6,2,1.631438,6.815719,-15.447157,5.197702,4.824091,0
8,6,2,3.447157,6.815719,-15.447157,5.677960,5.304349,0
9,6,2,5.262875,6.815719,-15.447157,6.333456,5.959845,0
10,6,2,7.078594,6.815719,-15.447157,7.145468,6.771857,0
0,7,2,-11.078594,8.631438,-15.447157,6.919403,6.545791,0
1,7,2,-9.262875,8.631438,-15.447157,6.070627,5.697015,0
2,7,2,-7.447157,8.631438,-15.447157,5.377515,5.003904,0
3,7,2,-5.631438,8.631438,-15.447157,4.860170,4.486559,0
4,7,2,-3.815719,8.631438,-15.447157,4.535882,4.162270,0
5,7,2,-2.000000,8.631438,-15.447157,4.416641,4.043029,0
6,7,2,-0.184281,8.631438,-15.447157,4.507102,4.133491,0
7,7,2,1.631438,8.631438,-15.447157,4.803723,4.430112,0
8,7,2,3.447157,8.631438,-15.447157,5.295420,4.921808,0
9,7,2,5.262875,8.631438,-15.447157,5.965486,5.591875,0
10,7,2,7.078594,8.631438,-15.447157,6.794064,6.420453,0
0,8,2,-11.078594,10.447157,-15.447157,6.747649,6.374038,0
1,8,2,-9.262875,10.447157,-15.447157,5.890370,5.516759,0
2,8,2,-7.447157,10.447157,-15.447157,5.189662,4.816050,0
3,8,2,-5.631438,10.447157,-15.447157,4.666212,4.292601,0
4,8,2,-3.815719,10.447157,-15.447157,4.337889,3.964278,0
5,8,2,-2.000000,10.447157,-15.447157,4.217122,3.843511,0
6,8,2,-0.184281,10.447157,-15.447157,4.308744,3.935133,0
7,8,2,1.631438,10.447157,-15.447157,4.609075,4.235464,0
8,8,2,3.447157,10.447157,-15.447157,5.106623,4.733012,0
9,8,2,5.262875,10.447157,-15.447157,5.784117,5.410506,0
10,8,2,7.078594,10.447157,-15.447157,6.621106,6.247494,0
0,9,2,-11.078594,12.262875,-15.447157,6.758240,6.384628,0
1,9,2,-9.262875,12.262875,-15.447157,5.901491,5.527879,0
2,9,2,-7.447157,12.262875,-15.447157,5.201255,4.827644,0
3,9,2,-5.631438,12.262875,-15.447157,4.678187,4.304576,0
4,9,2,-3.815719,12.262875,-15.447157,4.350116,3.976505,0
5,9,2,-2.000000,12.262875,-15.447157,4.229444,3.855833,0
6,9,2,-0.184281,12.262875,-15.447157,4.320994,3.947382,0
7,9,2,1.631438,12.262875,-15.447157,4.621093,4.247481,0
8,9,2,3.447157,12.262875,-15.447157,5.118276,4.744664,0
9,9,2,5.262875,12.262875,-15.447157,5.795307,5.421696,0
10,9,2,7.078594,12.262875,-15.447157,6.631771,6.258160,0
0,10,2,-11.078594,14.078594,-15.447157,6.950857,6.577245,0
1,10,2,-9.262875,14.078594,-15.447157,6.103619,5.730008,0
2,10,2,-7.447157,14.078594,-15.447157,5.411880,5.038269,0
3,10,2,-5.631438,14.078594,-15.447157,4.895636,4.522025,0
4,10,2,-3.815719,14.078594,-15.447157,4.572074,4.198463,0
5,10,2,-2.000000,14.078594,-15.447157,4.453108,4.079497,0
6,10,2,-0.184281,14.078594,-15.447157,4.543361,4.169750,0
7,10,2,1.631438,14.078594,-15.447157,4.839313,4.465702,0
8,10,2,3.447157,14.078594,-15.447157,5.329954,4.956343,0
9,10,2,5.262875,14.078594,-15.447157,5.998680,5.625068,0
10,10,2,7.078594,14.078594,-15.447157,6.825736,6.452125,0
0,0,3,-11.078594,-4.078594,-13.631438,11.231673,10.858061,0
1,0,3,-9.262875,-4.078594,-13.631438,10.551423,10.177812,0
2,0,3,-7.447157,-4.078594,-13.631438,10.004924,9.631313,0
3,0,3,-5.631438,-4.078594,-13.631438,9.602693,9.229082,0
4,0,3,-3.815719,-4.078594,-13.631438,9.353181,8.979570,0
5,0,3,-2.000000,-4.078594,-13.631438,9.261961,8.888350,0
6,0,3,-0.184281,-4.078594,-13.631438,9.331139,8.957527,0
7,0,3,1.631438,-4.078594,-13.631438,9.559113,9.185502,0
8,0,3,3.447157,-4.078594,-13.631438,9.940762,9.567151,0
9,0,3,5.262875,-4.078594,-13.631438,10.467984,10.094373,0
10,0,3,7.078594,-4.078594,-13.631438,11.130496,10.756884,0
0,1,3,-11.078594,-2.262875,-13.631438,10.035228,9.661617,0
1,1,3,-9.262875,-2.262875,-13.631438,9.315444,8.941833,0
2,1,3,-7.447157,-2.262875,-13.631438,8.735177,8.361566,0
3,1,3,-5.631438,-2.262875,-13.631438,8.306850,7.933239,0
4,1,3,-3.815719,-2.262875,-13.631438,8.040586,7.666975,0
5,1,3,-2.000000,-2.262875,-13.631438,7.943129,7.569518,0
6,1,3,-0.184281,-2.262875,-13.631438,8.017042,7.643431,0
7,1,3,1.631438,-2.262875,-13.631438,8.260377,7.886766,0
8,1,3,3.447157,-2.262875,-13.631438,8.666926,8.293314,0
9,1,3,5.262875,-2.262875,-13.631438,9.226970,8.853358,0
10,1,3,7.078594,-2.262875,-13.631438,9.928336,9.554725,0
0,2,3,-11.078594,-0.447157,-13.631438,8.931419,8.557807,0
1,2,3,-9.262875,-0.447157,-13.631438,8.170771,7.797159,0
2,2,3,-7.447157,-0.447157,-13.631438,7.555219,7.181608,0
3,2,3,-5.631438,-0.447157,-13.631438,7.099371,6.725760,0
4,2,3,-3.815719,-0.447157,-13.631438,6.815320,6.441708,0
5,2,3,-2.000000,-0.447157,-13.631438,6.711217,6.337605,0
6,2,3,-0.184281,-0.447157,-13.631438,6.790177,6.416566,0
7,2,3,1.631438,-0.447157,-13.631438,7.049832,6.676220,0
8,2,3,3.447157,-0.447157,-13.631438,7.482669,7.109058,0
9,2,3,5.262875,-0.447157,-13.631438,8.077057,7.703446,0
10,2,3,7.078594,-0.447157,-13.631438,8.818649,8.445038,0
0,3,3,-11.078594,1.368562,-13.631438,7.936239,7.562628,0
1,3,3,-9.262875,1.368562,-13.631438,7.134465,6.760853,0
2,3,3,-7.447157,1.368562,-13.631438,6.482980,6.109369,0
3,3,3,-5.631438,1.368562,-13.631438,5.998821,5.625210,0
4,3,3,-3.815719,1.368562,-13.631438,5.696334,5.322722,0
5,3,3,-2.000000,1.368562,-13.631438,5.585313,5.211702,0
6,3,3,-0.184281,1.368562,-13.631438,5.669528,5.295917,0
7,3,3,1.631438,1.368562,-13.631438,5.946111,5.572500,0
8,3,3,3.447157,1.368562,-13.631438,6.406025,6.032414,0
9,3,3,5.262875,1.368562,-13.631438,7.035442,6.661831,0
10,3,3,7.078594,1.368562,-13.631438,7.817585,7.443974,0
0,4,3,-11.078594,3.184281,-13.631438,7.067401,6.693790,0
1,4,3,-9.262875,3.184281,-13.631438,6.225814,5.852203,0
2,4,3,-7.447157,3.184281,-13.631438,5.539110,5.165499,0
3,4,3,-5.631438,3.184281,-13.631438,5.026902,4.653290,0
4,4,3,-3.815719,3.184281,-13.631438,4.706002,4.332390,0
5,4,3,-2.000000,3.184281,-13.631438,4.588041,4.214430,0
6,4,3,-0.184281,3.184281,-13.631438,4.677530,4.303919,0
7,4,3,1.631438,3.184281,-13.631438,4.971035,4.597423,0
8,4,3,3.447157,3.184281,-13.631438,5.457808,5.084197,0
9,4,3,5.262875,3.184281,-13.631438,6.121613,5.748001,0
10,4,3,7.078594,3.184281,-13.631438,6.943082,6.569471,0
0,5,3,-11.078594,5.000000,-13.631438,6.343632,5.970020,0
1,5,3,-9.262875,5.000000,-13.631438,5.465647,5.092036,0
2,5,3,-7.447157,5.000000,-13.631438,4.746346,4.372735,0
3,5,3,-5.631438,5.000000,-13.631438,4.207894,3.834283,0
4,5,3,-3.815719,5.000000,-13.631438,3.869623,3.496011,0
5,5,3,-2.000000,5.000000,-13.631438,3.745085,3.371474,0
6,5,3,-0.184281,5.000000,-13.631438,3.839573,3.465962,0
7,5,3,1.631438,5.000000,-13.631438,4.149056,3.775445,0
8,5,3,3.447157,5.000000,-13.631438,4.660995,4.287383,0
9,5,3,5.262875,5.000000,-13.631438,5.356677,4.983066,0
10,5,3,7.078594,5.000000,-13.631438,6.214162,5.840550,0
0,6,3,-11.078594,6.815719,-13.631438,5.783431,5.409820,0
1,6,3,-9.262875,6.815719,-13.631438,4.874976,4.501365,0
2,6,3,-7.447157,6.815719,-13.631438,4.128074,3.754463,0
3,6,3,-5.631438,6.815719,-13.631438,3.567173,3.193562,0
4,6,3,-3.815719,6.815719,-13.631438,3.213926,2.840315,0
5,6,3,-2.000000,6.815719,-13.631438,3.083693,2.710082,0
6,6,3,-0.184281,6.815719,-13.631438,3.182511,2.808900,0
7,6,3,1.631438,6.815719,-13.631438,3.505781,3.132169,0
8,6,3,3.447157,6.815719,-13.631438,4.039272,3.665660,0
9,6,3,5.262875,6.815719,-13.631438,4.761987,4.388376,0
10,6,3,7.078594,6.815719,-13.631438,5.649670,5.276059,0
0,7,3,-11.078594,8.631438,-13.631438,5.403314,5.029702,0
1,7,3,-9.262875,8.631438,-13.631438,4.472913,4.099302,0
2,7,3,-7.447157,8.631438,-13.631438,3.705947,3.332336,0
3,7,3,-5.631438,8.631438,-13.631438,3.128590,2.754979,0
4,7,3,-3.815719,8.631438,-13.631438,2.764294,2.390682,0
5,7,3,-2.000000,8.631438,-13.631438,2.629843,2.256231,0
6,7,3,-0.184281,8.631438,-13.631438,2.731869,2.358258,0
7,7,3,1.631438,8.631438,-13.631438,3.065317,2.691706,0
8,7,3,3.447157,8.631438,-13.631438,3.614623,3.241012,0
9,7,3,5.262875,8.631438,-13.631438,4.357014,3.983402,0
10,7,3,7.078594,8.631438,-13.631438,5.266475,4.892863,0
0,8,3,-11.078594,10.447157,-13.631438,5.215754,4.842143,0
1,8,3,-9.262875,10.447157,-13.631438,4.274118,3.900507,0
2,8,3,-7.447157,10.447157,-13.631438,3.496817,3.123206,0
3,8,3,-5.631438,10.447157,-13.631438,2.910937,2.537326,0
4,8,3,-3.815719,10.447157,-13.631438,2.540893,2.167282,0
5,8,3,-2.000000,10.447157,-13.631438,2.404243,2.030632,0
6,8,3,-0.184281,10.447157,-13.631438,2.507942,2.134331,0
7,8,3,1.631438,10.447157,-13.631438,2.846688,2.473076,0
8,8,3,3.447157,10.447157,-13.631438,3.404191,3.030579,0
9,8,3,5.262875,10.447157,-13.631438,4.156723,3.783112,0
10,8,3,7.078594,10.447157,-13.631438,5.077344,4.703732,0
0,9,3,-11.078594,12.262875,-13.631438,5.227330,4.853718,0
1,9,3,-9.262875,12.262875,-13.631438,4.286395,3.912783,0
2,9,3,-7.447157,12.262875,-13.631438,3.509741,3.136129,0
3,9,3,-5.631438,12.262875,-13.631438,2.924395,2.550783,0
4,9,3,-3.815719,12.262875,-13.631438,2.554711,2.181100,0
5,9,3,-2.000000,12.262875,-13.631438,2.418199,2.044588,0
6,9,3,-0.184281,12.262875,-13.631438,2.521793,2.148182,0
7,9,3,1.631438,12.262875,-13.631438,2.860206,2.486595,0
8,9,3,3.447157,12.262875,-13.631438,3.417195,3.043584,0
9,9,3,5.262875,12.262875,-13.631438,4.169094,3.795482,0
10,9,3,7.078594,12.262875,-13.631438,5.089017,4.715406,0
0,10,3,-11.078594,14.078594,-13.631438,5.437625,5.064014,0
1,10,3,-9.262875,14.078594,-13.631438,4.509250,4.135639,0
2,10,3,-7.447157,14.078594,-13.631438,3.744143,3.370532,0
3,10,3,-5.631438,14.078594,-13.631438,3.168315,2.794704,0
4,10,3,-3.815719,14.078594,-13.631438,2.805049,2.431437,0
5,10,3,-2.000000,14.078594,-13.631438,2.670991,2.297380,0
6,10,3,-0.184281,14.078594,-13.631438,2.772718,2.399107,0
7,10,3,1.631438,14.078594,-13.631438,3.105218,2.731606,0
8,10,3,3.447157,14.078594,-13.631438,3.653053,3.279442,0
9,10,3,5.262875,14.078594,-13.631438,4.393620,4.020009,0
10,10,3,7.078594,14.078594,-13.631438,5.301070,4.927459,0
0,0,4,-11.078594,-4.078594,-11.815719,10.179504,9.805893,0
1,0,4,-9.262875,-4.078594,-11.815719,9.464733,9.091122,0
2,0,4,-7.447157,-4.078594,-11.815719,8.888769,8.515157,0
3,0,4,-5.631438,-4.078594,-11.815719,8.463779,8.090168,0
4,0,4,-3.815719,-4.078594,-11.815719,8.199663,7.826052,0
5,0,4,-2.000000,-4.078594,-11.815719,8.103007,7.729396,0
6,0,4,-0.184281,-4.078594,-11.815719,8.176312,7.802700,0
7,0,4,1.631438,-4.078594,-11.815719,8.417676,8.044065,0
8,0,4,3.447157,-4.078594,-11.815719,8.821039,8.447428,0
9,0,4,5.262875,-4.078594,-11.815719,9.376900,9.003288,0
10,0,4,7.078594,-4.078594,-11.815719,10.073336,9.699724,0
0,1,4,-11.078594,-2.262875,-11.815719,8.920750,8.547138,0
1,1,4,-9.262875,-2.262875,-11.815719,8.159683,7.786072,0
2,1,4,-7.447157,-2.262875,-11.815719,7.543769,7.170157,0
3,1,4,-5.631438,-2.262875,-11.815719,7.087636,6.714025,0
4,1,4,-3.815719,-2.262875,-11.815719,6.803400,6.429789,0
5,1,4,-2.000000,-2.262875,-11.815719,6.699228,6.325617,0
6,1,4,-0.184281,-2.262875,-11.815719,6.778241,6.404630,0
7,1,4,1.631438,-2.262875,-11.815719,7.038065,6.664454,0
8,1,4,3.447157,-2.262875,-11.815719,7.471174,7.097563,0
9,1,4,5.262875,-2.262875,-11.815719,8.065916,7.692305,0
10,1,4,7.078594,-2.262875,-11.815719,8.807920,8.434309,0
0,2,4,-11.078594,-0.447157,-11.815719,7.752317,7.378706,0
1,2,4,-9.262875,-0.447157,-11.815719,6.942440,6.568828,0
2,2,4,-7.447157,-0.447157,-11.815719,6.283822,5.910211,0
3,2,4,-5.631438,-0.447157,-11.815719,5.794007,5.420396,0
4,2,4,-3.815719,-0.447157,-11.815719,5.487819,5.114208,0
5,2,4,-2.000000,-0.447157,-11.815719,5.375406,5.001795,0
6,2,4,-0.184281,-0.447157,-11.815719,5.460679,5.087068,0
7,2,4,1.631438,-0.447157,-11.815719,5.740662,5.367051,0
8,2,4,3.447157,-0.447157,-11.815719,6.205989,5.832378,0
9,2,4,5.262875,-0.447157,-11.815719,6.842366,6.468754,0
10,2,4,7.078594,-0.447157,-11.815719,7.632507,7.258896,0
0,3,4,-11.078594,1.368562,-11.815719,6.691860,6.318249,0
1,3,4,-9.262875,1.368562,-11.815719,5.831782,5.458171,0
2,3,4,-7.447157,1.368562,-11.815719,5.128567,4.754956,0
3,3,4,-5.631438,1.368562,-11.815719,4.603101,4.229490,0
4,3,4,-3.815719,1.368562,-11.815719,4.273443,3.899832,0
5,3,4,-2.000000,1.368562,-11.815719,4.152171,3.778560,0
6,3,4,-0.184281,1.368562,-11.815719,4.244177,3.870566,0
7,3,4,1.631438,1.368562,-11.815719,4.545735,4.172124,0
8,3,4,3.447157,1.368562,-11.815719,5.045217,4.671606,0
9,3,4,5.262875,1.368562,-11.815719,5.725162,5.351551,0
10,3,4,7.078594,1.368562,-11.815719,6.564920,6.191309,0
0,4,4,-11.078594,3.184281,-11.815719,5.759584,5.385972,0
1,4,4,-9.262875,3.184281,-11.815719,4.849783,4.476172,0
2,4,4,-7.447157,3.184281,-11.815719,4.101655,3.728044,0
3,4,4,-5.631438,3.184281,-11.815719,3.539752,3.166141,0
4,4,4,-3.815719,3.184281,-11.815719,3.185835,2.812224,0
5,4,4,-2.000000,3.184281,-11.815719,3.055346,2.681735,0
6,4,4,-0.184281,3.184281,-11.815719,3.154359,2.780748,0
7,4,4,1.631438,3.184281,-11.815719,3.478246,3.104635,0
8,4,4,3.447157,3.184281,-11.815719,4.012699,3.639088,0
9,4,4,5.262875,3.184281,-11.815719,4.736616,4.363005,0
10,4,4,7.078594,3.184281,-11.815719,5.625634,5.252022,0
0,5,4,-11.078594,5.000000,-11.815719,4.977593,4.603982,0
1,5,4,-9.262875,5.000000,-11.815719,4.021280,3.647669,0
2,5,4,-7.447157,5.000000,-11.815719,3.230415,2.856804,0
3,5,4,-5.631438,5.000000,-11.815719,2.633298,2.259687,0
4,5,4,-3.815719,5.000000,-11.815719,2.255650,1.882039,0
5,5,4,-2.000000,5.000000,-11.815719,2.116084,1.742473,0
6,5,4,-0.184281,5.000000,-11.815719,2.222001,1.848390,0
7,5,4,1.631438,5.000000,-11.815719,2.567758,2.194147,0
8,5,4,3.447157,5.000000,-11.815719,3.136073,2.762462,0
9,5,4,5.262875,5.000000,-11.815719,3.901927,3.528316,0
10,5,4,7.078594,5.000000,-11.815719,4.837134,4.463523,0
0,6,4,-11.078594,6.815719,-11.815719,4.368477,3.994866,0
1,6,4,-9.262875,6.815719,-11.815719,3.372385,2.998774,0
2,6,4,-7.447157,6.815719,-11.815719,2.544371,2.170760,0
3,6,4,-5.631438,6.815719,-11.815719,1.916181,1.542569,0
4,6,4,-3.815719,6.815719,-11.815719,1.517341,1.143729,0
5,6,4,-2.000000,6.815719,-11.815719,1.369613,0.996002,0
6,6,4,-0.184281,6.815719,-11.815719,1.481741,1.108130,0
7,6,4,1.631438,6.815719,-11.815719,1.847053,1.473441,0
8,6,4,3.447157,6.815719,-11.815719,2.445305,2.071693,0
9,6,4,5.262875,6.815719,-11.815719,3.247691,2.874080,0
10,6,4,7.078594,6.815719,-11.815719,4.222490,3.848878,0
0,7,4,-11.078594,8.631438,-11.815719,3.953026,3.579415,0
1,7,4,-9.262875,8.631438,-11.815719,2.927779,2.554167,0
2,7,4,-7.447157,8.631438,-11.815719,2.072162,1.698551,0
3,7,4,-5.631438,8.631438,-11.815719,1.420584,1.046973,0
4,7,4,-3.815719,8.631438,-11.815719,1.005630,0.632045,0
5,7,4,-2.000000,8.631438,-11.815719,0.851664,0.478256,0
6,7,4,-0.184281,8.631438,-11.815719,0.968540,0.594972,0
7,7,4,1.631438,8.631438,-11.815719,1.348738,0.975127,0
8,7,4,3.447157,8.631438,-11.815719,1.969558,1.595947,0
9,7,4,5.262875,8.631438,-11.815719,2.799140,2.425528,0
10,7,4,7.078594,8.631438,-11.815719,3.803010,3.429399,0
0,8,4,-11.078594,10.447157,-11.815719,3.747342,3.373731,0
1,8,4,-9.262875,10.447157,-11.815719,2.706995,2.333384,0
2,8,4,-7.447157,10.447157,-11.815719,1.836953,1.463342,0
3,8,4,-5.631438,10.447157,-11.815719,1.173047,0.799439,0
4,8,4,-3.815719,10.447157,-11.815719,0.749558,0.376752,0
5,8,4,-2.000000,10.447157,-11.815719,0.592380,0.227079,0
6,8,4,-0.184281,10.447157,-11.815719,0.711687,0.339459,0
7,8,4,1.631438,10.447157,-11.815719,1.099760,0.726157,0
8,8,4,3.447157,10.447157,-11.815719,1.732491,1.358879,0
9,8,4,5.262875,10.447157,-11.815719,2.576302,2.202691,0
10,8,4,7.078594,10.447157,-11.815719,3.595248,3.221637,0
0,9,4,-11.078594,12.262875,-11.815719,3.760049,3.386438,0
1,9,4,-9.262875,12.262875,-11.815719,2.720649,2.347038,0
2,9,4,-7.447157,12.262875,-11.815719,1.851514,1.477903,0
3,9,4,-5.631438,12.262875,-11.815719,1.188384,0.814776,0
4,9,4,-3.815719,12.262875,-11.815719,0.765432,0.392433,0
5,9,4,-2.000000,12.262875,-11.815719,0.608439,0.241025,0
6,9,4,-0.184281,12.262875,-11.815719,0.727608,0.355045,0
7,9,4,1.631438,12.262875,-11.815719,1.115189,0.741584,0
8,9,4,3.447157,12.262875,-11.815719,1.747168,1.373557,0
9,9,4,5.262875,12.262875,-11.815719,2.590085,2.216474,0
10,9,4,7.078594,12.262875,-11.815719,3.608086,3.234474,0
0,10,4,-11.078594,14.078594,-11.815719,3.990603,3.616992,0
1,10,4,-9.262875,14.078594,-11.815719,2.968065,2.594454,0
2,10,4,-7.447157,14.078594,-11.815719,2.115028,1.741416,0
3,10,4,-5.631438,14.078594,-11.815719,1.465646,1.092035,0
4,10,4,-3.815719,14.078594,-11.815719,1.052211,0.678612,0
5,10,4,-2.000000,14.078594,-11.815719,0.898832,0.525313,0
6,10,4,-0.184281,14.078594,-11.815719,1.015262,0.641670,0
7,10,4,1.631438,14.078594,-11.815719,1.394056,1.020445,0
8,10,4,3.447157,14.078594,-11.815719,2.012755,1.639144,0
9,10,4,5.262875,14.078594,-11.815719,2.839794,2.466182,0
10,10,4,7.078594,14.078594,-11.815719,3.840961,3.467349,0
0,0,5,-11.078594,-4.078594,-10.000000,9.234508,8.860896,0
1,0,5,-9.262875,-4.078594,-10.000000,8.485544,8.111933,0
2,0,5,-7.447157,-4.078594,-10.000000,7.880123,7.506511,0
3,0,5,-5.631438,-4.078594,-10.000000,7.432204,7.058592,0
4,0,5,-3.815719,-4.078594,-10.000000,7.153290,6.779679,0
5,0,5,-2.000000,-4.078594,-10.000000,7.051109,6.677498,0
6,0,5,-0.184281,-4.078594,-10.000000,7.128609,6.754998,0
7,0,5,1.631438,-4.078594,-10.000000,7.383549,7.009938,0
8,0,5,3.447157,-4.078594,-10.000000,7.808809,7.435198,0
9,0,5,5.262875,-4.078594,-10.000000,8.393332,8.019721,0
10,0,5,7.078594,-4.078594,-10.000000,9.123416,8.749804,0
0,1,5,-11.078594,-2.262875,-10.000000,7.913787,7.540175,0
1,1,5,-9.262875,-2.262875,-10.000000,7.111032,6.737421,0
2,1,5,-7.447157,-2.262875,-10.000000,6.458686,6.085074,0
3,1,5,-5.631438,-2.262875,-10.000000,5.973844,5.600232,0
4,1,5,-3.815719,-2.262875,-10.000000,5.670910,5.297299,0
5,1,5,-2.000000,-2.262875,-10.000000,5.559722,5.186110,0
6,1,5,-0.184281,-2.262875,-10.000000,5.644064,5.270453,0
7,1,5,1.631438,-2.262875,-10.000000,5.921057,5.547446,0
8,1,5,3.447157,-2.262875,-10.000000,6.381624,6.008013,0
9,1,5,5.262875,-2.262875,-10.000000,7.011882,6.638271,0
10,1,5,7.078594,-2.262875,-10.000000,7.794993,7.421382,0
0,2,5,-11.078594,-0.447157,-10.000000,6.679858,6.306247,0
1,2,5,-9.262875,-0.447157,-10.000000,5.819176,5.445565,0
2,2,5,-7.447157,-0.447157,-10.000000,5.115419,4.741808,0
3,2,5,-5.631438,-0.447157,-10.000000,4.589517,4.215906,0
4,2,5,-3.815719,-0.447157,-10.000000,4.259571,3.885959,0
5,2,5,-2.000000,-0.447157,-10.000000,4.138189,3.764578,0
6,2,5,-0.184281,-0.447157,-10.000000,4.230278,3.856667,0
7,2,5,1.631438,-0.447157,-10.000000,4.532102,4.158491,0
8,2,5,3.447157,-0.447157,-10.000000,5.032002,4.658391,0
9,2,5,5.262875,-0.447157,-10.000000,5.712477,5.338866,0
10,2,5,7.078594,-0.447157,-10.000000,6.552833,6.179222,0
0,3,5,-11.078594,1.368562,-10.000000,5.551854,5.178243,0
1,3,5,-9.262875,1.368562,-10.000000,4.630158,4.256546,0
2,3,5,-7.447157,1.368562,-10.000000,3.871169,3.497557,0
3,3,5,-5.631438,1.368562,-10.000000,3.300368,2.926757,0
4,3,5,-3.815719,1.368562,-10.000000,2.940482,2.566871,0
5,3,5,-2.000000,1.368562,-10.000000,2.807716,2.434105,0
6,3,5,-0.184281,1.368562,-10.000000,2.908461,2.534850,0
7,3,5,1.631438,1.368562,-10.000000,3.237846,2.864235,0
8,3,5,3.447157,1.368562,-10.000000,3.780849,3.407237,0
9,3,5,5.262875,1.368562,-10.000000,4.515414,4.141803,0
10,3,5,7.078594,1.368562,-10.000000,5.416234,5.042623,0
0,4,5,-11.078594,3.184281,-10.000000,4.552471,4.178859,0
1,4,5,-9.262875,3.184281,-10.000000,3.568750,3.195139,0
2,4,5,-7.447157,3.184281,-10.000000,2.752352,2.378741,0
3,4,5,-5.631438,3.184281,-10.000000,2.133926,1.760315,0
4,4,5,-3.815719,3.184281,-10.000000,1.741771,1.368160,0
5,4,5,-2.000000,3.184281,-10.000000,1.596625,1.223013,0
6,4,5,-0.184281,3.184281,-10.000000,1.706788,1.333177,0
7,4,5,1.631438,3.184281,-10.000000,2.065928,1.692317,0
8,4,5,3.447157,3.184281,-10.000000,2.654767,2.281156,0
9,4,5,5.262875,3.184281,-10.000000,3.445723,3.072111,0
10,4,5,7.078594,3.184281,-10.000000,4.408198,4.034587,0
0,5,5,-11.078594,5.000000,-10.000000,3.707510,3.333899,0
1,5,5,-9.262875,5.000000,-10.000000,2.664185,2.290574,0
2,5,5,-7.447157,5.000000,-10.000000,1.791288,1.417677,0
3,5,5,-5.631438,5.000000,-10.000000,1.124933,0.751328,0
4,5,5,-3.815719,5.000000,-10.000000,0.699760,0.327882,0
5,5,5,-2.000000,5.000000,-10.000000,0.542025,0.187836,0
6,5,5,-0.184281,5.000000,-10.000000,0.661742,0.291158,0
7,5,5,1.631438,5.000000,-10.000000,1.051360,0.677764,0
8,5,5,3.447157,5.000000,-10.000000,1.686457,1.312846,0
9,5,5,5.262875,5.000000,-10.000000,2.533087,2.159476,0
10,5,5,7.078594,5.000000,-10.000000,3.555007,3.181396,0
0,6,5,-11.078594,6.815719,-10.000000,3.044380,2.670769,0
1,6,5,-9.262875,6.815719,-10.000000,1.948746,1.575135,0
2,6,5,-7.447157,6.815719,-10.000000,1.025085,0.651495,0
3,6,5,-5.631438,6.815719,-10.000000,0.318199,0.300352,0
4,6,5,-3.815719,6.815719,-10.000000,0.019149,1.990261,0
5,6,5,-2.000000,6.815719,-10.000000,0.002614,2.752575,1
6,6,5,-0.184281,6.815719,-10.000000,0.012373,2.184378,0
7,6,5,1.631438,6.815719,-10.000000,0.244048,0.465149,0
8,6,5,3.447157,6.815719,-10.000000,0.913655,0.540135,0
9,6,5,5.262875,6.815719,-10.000000,1.810469,1.436857,0
10,6,5,7.078594,6.815719,-10.000000,2.884725,2.511113,0
0,7,5,-11.078594,8.631438,-10.000000,2.589240,2.215629,0
1,7,5,-9.262875,8.631438,-10.000000,1.454420,1.080809,0
2,7,5,-7.447157,8.631438,-10.000000,0.492420,0.161568,0
3,7,5,-5.631438,8.631438,-10.000000,0.005398,2.503258,1
4,7,5,-3.815719,8.631438,-10.000000,0.000004,4.144258,1
5,7,5,-2.000000,8.631438,-10.000000,0.000000,4.601695,1
6,7,5,-0.184281,8.631438,-10.000000,0.000002,4.259484,1
7,7,5,1.631438,8.631438,-10.000000,0.001873,2.849744,1
8,7,5,3.447157,8.631438,-10.000000,0.377189,0.210708,0
9,7,5,5.262875,8.631438,-10.000000,1.310702,0.937092,0
10,7,5,7.078594,8.631438,-10.000000,2.424273,2.050662,0
0,8,5,-11.078594,10.447157,-10.000000,2.362968,1.989357,0
1,8,5,-9.262875,10.447157,-10.000000,1.207554,0.833945,0
2,8,5,-7.447157,10.447157,-10.000000,0.233350,0.488998,0
3,8,5,-5.631438,10.447157,-10.000000,0.000094,3.573424,1
4,8,5,-3.815719,10.447157,-10.000000,0.000000,4.878651,1
5,8,5,-2.000000,10.447157,-10.000000,0.000000,5.272765,1
6,8,5,-0.184281,10.447157,-10.000000,0.000000,4.976909,1
7,8,5,1.631438,10.447157,-10.000000,0.000024,3.834645,1
8,8,5,3.447157,10.447157,-10.000000,0.133550,0.864690,0
9,8,5,5.262875,10.447157,-10.000000,1.060956,0.687358,0
10,8,5,7.078594,10.447157,-10.000000,2.195225,1.821613,0
0,9,5,-11.078594,12.262875,-10.000000,2.376966,2.003355,0
1,9,5,-9.262875,12.262875,-10.000000,1.222850,0.849240,0
2,9,5,-7.447157,12.262875,-10.000000,0.248367,0.443311,0
3,9,5,-5.631438,12.262875,-10.000000,0.000112,3.516105,1
4,9,5,-3.815719,12.262875,-10.000000,0.000000,4.836782,1
5,9,5,-2.000000,12.262875,-10.000000,0.000000,5.234049,1
6,9,5,-0.184281,12.262875,-10.000000,0.000000,4.935873,1
7,9,5,1.631438,12.262875,-10.000000,0.000028,3.781246,1
8,9,5,3.447157,12.262875,-10.000000,0.145954,0.797832,0
9,9,5,5.262875,12.262875,-10.000000,1.076433,0.702832,0
10,9,5,7.078594,12.262875,-10.000000,2.209398,1.835786,0
0,10,5,-11.078594,14.078594,-10.000000,2.630509,2.256898,0
1,10,5,-9.262875,14.078594,-10.000000,1.499362,1.125751,0
2,10,5,-7.447157,14.078594,-10.000000,0.540794,0.184478,0
3,10,5,-5.631438,14.078594,-10.000000,0.009094,2.265396,1
4,10,5,-3.815719,14.078594,-10.000000,0.000006,3.994316,1
5,10,5,-2.000000,14.078594,-10.000000,0.000000,4.467129,1
6,10,5,-0.184281,14.078594,-10.000000,0.000003,4.113742,1
7,10,5,1.631438,14.078594,-10.000000,0.003223,2.632887,1
8,10,5,3.447157,14.078594,-10.000000,0.425423,0.160540,0
9,10,5,5.262875,14.078594,-10.000000,1.356157,0.982546,0
10,10,5,7.078594,14.078594,-10.000000,2.466038,2.092427,0
0,0,6,-11.078594,-4.078594,-8.184281,8.412141,8.038530,0
1,0,6,-9.262875,-4.078594,-8.184281,7.630586,7.256975,0
2,0,6,-7.447157,-4.078594,-8.184281,6.996822,6.623211,0
3,0,6,-5.631438,-4.078594,-8.184281,6.526662,6.153051,0
4,0,6,-3.815719,-4.078594,-8.184281,6.233309,5.859698,0
5,0,6,-2.000000,-4.078594,-8.184281,6.125719,5.752108,0
6,0,6,-0.184281,-4.078594,-8.184281,6.207328,5.833717,0
7,0,6,1.631438,-4.078594,-8.184281,6.475522,6.101911,0
8,0,6,3.447157,-4.078594,-8.184281,6.922043,6.548431,0
9,0,6,5.262875,-4.078594,-8.184281,7.534178,7.160567,0
10,0,6,7.078594,-4.078594,-8.184281,8.296376,7.922765,0
0,1,6,-11.078594,-2.262875,-8.184281,7.032112,6.658501,0
1,1,6,-9.262875,-2.262875,-8.184281,6.188822,5.815211,0
2,1,6,-7.447157,-2.262875,-8.184281,5.500602,5.126991,0
3,1,6,-5.631438,-2.262875,-8.184281,4.987179,4.613568,0
4,1,6,-3.815719,-2.262875,-8.184281,4.665478,4.291867,0
5,1,6,-2.000000,-2.262875,-8.184281,4.547215,4.173604,0
6,1,6,-0.184281,-2.262875,-8.184281,4.636934,4.263322,0
7,1,6,1.631438,-2.262875,-8.184281,4.931175,4.557564,0
8,1,6,3.447157,-2.262875,-8.184281,5.419112,5.045501,0
9,1,6,5.262875,-2.262875,-8.184281,6.084399,5.710787,0
10,1,6,7.078594,-2.262875,-8.184281,6.907552,6.533940,0
0,2,6,-11.078594,-0.447157,-8.184281,5.734255,5.360643,0
1,2,6,-9.262875,-0.447157,-8.184281,4.823021,4.449409,0
2,2,6,-7.447157,-0.447157,-8.184281,4.073586,3.699975,0
3,2,6,-5.631438,-0.447157,-8.184281,3.510615,3.137004,0
4,2,6,-3.815719,-0.447157,-8.184281,3.155982,2.782370,0
5,2,6,-2.000000,-0.447157,-8.184281,3.025220,2.651609,0
6,2,6,-0.184281,-0.447157,-8.184281,3.124440,2.750829,0
7,2,6,1.631438,-0.447157,-8.184281,3.448987,3.075375,0
8,2,6,3.447157,-0.447157,-8.184281,3.984466,3.610855,0
9,2,6,5.262875,-0.447157,-8.184281,4.709664,4.336052,0
10,2,6,7.078594,-0.447157,-8.184281,5.600103,5.226492,0
0,3,6,-11.078594,1.368562,-8.184281,4.538843,4.165232,0
1,3,6,-9.262875,1.368562,-8.184281,3.554217,3.180606,0
2,3,6,-7.447157,1.368562,-8.184281,2.736971,2.363359,0
3,3,6,-5.631438,1.368562,-8.184281,2.117833,1.744222,0
4,3,6,-3.815719,1.368562,-8.184281,1.725192,1.351581,0
5,3,6,-2.000000,1.368562,-8.184281,1.579858,1.206247,0
6,3,6,-0.184281,1.368562,-8.184281,1.690164,1.316553,0
7,3,6,1.631438,1.368562,-8.184281,2.049753,1.676142,0
8,3,6,3.447157,1.368562,-8.184281,2.639278,2.265667,0
9,3,6,5.262875,1.368562,-8.184281,3.431068,3.057457,0
10,3,6,7.078594,1.368562,-8.184281,4.394445,4.020834,0
0,4,6,-11.078594,3.184281,-8.184281,3.470854,3.097243,0
1,4,6,-9.262875,3.184281,-8.184281,2.409467,2.035856,0
2,4,6,-7.447157,3.184281,-8.184281,1.519171,1.145560,0
3,4,6,-5.631438,3.184281,-8.184281,0.837834,0.464468,0
4,4,6,-3.815719,3.184281,-8.184281,0.403460,0.183764,0
5,4,6,-2.000000,3.184281,-8.184281,0.247794,0.452712,0
6,4,6,-0.184281,3.184281,-8.184281,0.365165,0.225280,0
7,4,6,1.631438,3.184281,-8.184281,0.762515,0.389595,0
8,4,6,3.447157,3.184281,-8.184281,1.412087,1.038476,0
9,4,6,5.262875,3.184281,-8.184281,2.275900,1.902289,0
10,4,6,7.078594,3.184281,-8.184281,3.315874,2.942262,0
0,5,6,-11.078594,5.000000,-8.184281,2.559879,2.186267,0
1,5,6,-9.262875,5.000000,-8.184281,1.422429,1.048818,0
2,5,6,-7.447157,5.000000,-8.184281,0.458043,0.158617,0
3,5,6,-5.631438,5.000000,-8.184281,0.003462,2.662197,1
4,5,6,-3.815719,5.000000,-8.184281,0.000002,4.247454,1
5,5,6,-2.000000,5.000000,-8.184281,0.000000,4.694851,1
6,5,6,-0.184281,5.000000,-8.184281,0.000001,4.359957,1
7,5,6,1.631438,5.000000,-8.184281,0.001157,2.995068,1
8,5,6,3.447157,5.000000,-8.184281,0.343102,0.258761,0
9,5,6,5.262875,5.000000,-8.184281,1.278345,0.904735,0
10,5,6,7.078594,5.000000,-8.184281,2.394556,2.020945,0
0,6,6,-11.078594,6.815719,-8.184281,1.838739,1.465128,0
1,6,6,-9.262875,6.815719,-8.184281,0.632563,0.263631,0
2,6,6,-7.447157,6.815719,-8.184281,0.000765,3.106474,1
3,6,6,-5.631438,6.815719,-8.184281,0.000000,5.263051,1
4,6,6,-3.815719,6.815719,-8.184281,0.000000,6.223646,1
5,6,6,-2.000000,6.815719,-8.184281,0.000000,6.537170,1
6,6,6,-0.184281,6.815719,-8.184281,0.000000,6.300965,1
7,6,6,1.631438,6.815719,-8.184281,0.000000,5.443939,1
8,6,6,3.447157,6.815719,-8.184281,0.000120,3.541236,1
9,6,6,5.262875,6.815719,-8.184281,0.479248,0.159048,0
10,6,6,7.078594,6.815719,-8.184281,1.664189,1.290578,0
0,7,6,-11.078594,8.631438,-8.184281,1.340096,0.966485,0
1,7,6,-9.262875,8.631438,-8.184281,0.116349,0.961934,0
2,7,6,-7.447157,8.631438,-8.184281,0.000000,4.826190,1
3,7,6,-5.631438,8.631438,-8.184281,0.000000,6.431129,1
4,7,6,-3.815719,8.631438,-8.184281,0.000000,7.238334,1
5,7,6,-2.000000,8.631438,-8.184281,0.000000,7.509614,1
6,7,6,-0.184281,8.631438,-8.184281,0.000000,7.304921,1
7,7,6,1.631438,8.631438,-8.184281,0.000000,6.579984,1
8,7,6,3.447157,8.631438,-8.184281,0.000000,5.118326,1
9,7,6,5.262875,8.631438,-8.184281,0.034476,1.693901,0
10,7,6,7.078594,8.631438,-8.184281,1.158534,0.784927,0
0,8,6,-11.078594,10.447157,-8.184281,1.090944,0.717341,0
1,8,6,-9.262875,10.447157,-8.184281,0.010281,2.248852,0
2,8,6,-7.447157,10.447157,-8.184281,0.000000,5.469788,1
3,8,6,-5.631438,10.447157,-8.184281,0.000000,6.927185,1
4,8,6,-3.815719,10.447157,-8.184281,0.000000,7.682444,1
5,8,6,-2.000000,10.447157,-8.184281,0.000000,7.938562,1
6,8,6,-0.184281,10.447157,-8.184281,0.000000,7.745214,1
7,8,6,1.631438,10.447157,-8.184281,0.000000,7.065597,1
8,8,6,3.447157,10.447157,-8.184281,0.000000,5.729199,1
9,8,6,5.262875,10.447157,-8.184281,0.001267,2.953135,1
10,8,6,7.078594,10.447157,-8.184281,0.905665,0.532149,0
0,9,6,-11.078594,12.262875,-8.184281,1.106383,0.732779,0
1,9,6,-9.262875,12.262875,-8.184281,0.012174,2.166715,0
2,9,6,-7.447157,12.262875,-8.184281,0.000000,5.432476,1
3,9,6,-5.631438,12.262875,-8.184281,0.000000,6.897761,1
4,9,6,-3.815719,12.262875,-8.184281,0.000000,7.655924,1
5,9,6,-2.000000,12.262875,-8.184281,0.000000,7.912900,1
6,9,6,-0.184281,12.262875,-8.184281,0.000000,7.718909,1
7,9,6,1.631438,12.262875,-8.184281,0.000000,7.036751,1
8,9,6,3.447157,12.262875,-8.184281,0.000000,5.693588,1
9,9,6,5.262875,12.262875,-8.184281,0.001524,2.884479,1
10,9,6,7.078594,12.262875,-8.184281,0.921339,0.547801,0
0,10,6,-11.078594,14.078594,-8.184281,1.385444,1.011833,0
1,10,6,-9.262875,14.078594,-8.184281,0.152801,0.756931,0
2,10,6,-7.447157,14.078594,-8.184281,0.000000,4.698059,1
3,10,6,-5.631438,14.078594,-8.184281,0.000000,6.335541,1
4,10,6,-3.815719,14.078594,-8.184281,0.000000,7.153540,1
5,10,6,-2.000000,14.078594,-8.184281,0.000000,7.427917,1
6,10,6,-0.184281,14.078594,-8.184281,0.000000,7.220909,1
7,10,6,1.631438,14.078594,-8.184281,0.000000,6.486589,1
8,10,6,3.447157,14.078594,-8.184281,0.000000,4.997691,1
9,10,6,5.262875,14.078594,-8.184281,0.052034,1.435417,0
10,10,6,7.078594,14.078594,-8.184281,1.204544,0.830934,0
0,0,7,-11.078594,-4.078594,-6.368562,7.728351,7.354740,0
1,0,7,-9.262875,-4.078594,-6.368562,6.917406,6.543794,0
2,0,7,-7.447157,-4.078594,-6.368562,6.257846,5.884235,0
3,0,7,-5.631438,-4.078594,-6.368562,5.767284,5.393672,0
4,0,7,-3.815719,-4.078594,-6.368562,5.460606,5.086995,0
5,0,7,-2.000000,-4.078594,-6.368562,5.348009,4.974398,0
6,0,7,-0.184281,-4.078594,-6.368562,5.433422,5.059811,0
7,0,7,1.631438,-4.078594,-6.368562,5.713855,5.340244,0
8,0,7,3.447157,-4.078594,-6.368562,6.179897,5.806286,0
9,0,7,5.262875,-4.078594,-6.368562,6.817193,6.443582,0
10,0,7,7.078594,-4.078594,-6.368562,7.608390,7.234778,0
0,1,7,-11.078594,-2.262875,-6.368562,6.294623,5.921012,0
1,1,7,-9.262875,-2.262875,-6.368562,5.414057,5.040446,0
2,1,7,-7.447157,-2.262875,-6.368562,4.692429,4.318818,0
3,1,7,-5.631438,-2.262875,-6.368562,4.152092,3.778481,0
4,1,7,-3.815719,-2.262875,-6.368562,3.812568,3.438956,0
5,1,7,-2.000000,-2.262875,-6.368562,3.687554,3.313943,0
6,1,7,-0.184281,-2.262875,-6.368562,3.782404,3.408793,0
7,1,7,1.631438,-2.262875,-6.368562,4.093040,3.719429,0
8,1,7,3.447157,-2.262875,-6.368562,4.606787,4.233176,0
9,1,7,5.262875,-2.262875,-6.368562,5.304748,4.931136,0
10,1,7,7.078594,-2.262875,-6.368562,6.164789,5.791177,0
0,2,7,-11.078594,-0.447157,-6.368562,4.937750,4.564138,0
1,2,7,-9.262875,-0.447157,-6.368562,3.978935,3.605324,0
2,2,7,-7.447157,-0.447157,-6.368562,3.185750,2.812139,0
3,2,7,-5.631438,-0.447157,-6.368562,2.586707,2.213095,0
4,2,7,-3.815719,-0.447157,-6.368562,2.207751,1.834140,0
5,2,7,-2.000000,-0.447157,-6.368562,2.067683,1.694072,0
6,2,7,-0.184281,-0.447157,-6.368562,2.173982,1.800371,0
7,2,7,1.631438,-0.447157,-6.368562,2.520945,2.147333,0
8,2,7,3.447157,-0.447157,-6.368562,3.091115,2.717504,0
9,2,7,5.262875,-0.447157,-6.368562,3.859247,3.485636,0
10,2,7,7.078594,-0.447157,-6.368562,4.796942,4.423330,0
0,3,7,-11.078594,1.368562,-6.368562,3.678700,3.305089,0
1,3,7,-9.262875,1.368562,-6.368562,2.633211,2.259599,0
2,3,7,-7.447157,1.368562,-6.368562,1.758236,1.384624,0
3,3,7,-5.631438,1.368562,-6.368562,1.090095,0.716492,0
4,3,7,-3.815719,1.368562,-6.368562,0.663694,0.292679,0
5,3,7,-2.000000,1.368562,-6.368562,0.505559,0.163672,0
6,3,7,-0.184281,1.368562,-6.368562,0.625569,0.256578,0
7,3,7,1.631438,1.368562,-6.368562,1.016314,0.642723,0
8,3,7,3.447157,1.368562,-6.368562,1.653136,1.279524,0
9,3,7,5.262875,1.368562,-6.368562,2.501817,2.128206,0
10,3,7,7.078594,1.368562,-6.368562,3.525900,3.152288,0
0,4,7,-11.078594,3.184281,-6.368562,2.544283,2.170672,0
1,4,7,-9.262875,3.184281,-6.368562,1.405432,1.031821,0
2,4,7,-7.447157,3.184281,-6.368562,0.439794,0.161709,0
3,4,7,-5.631438,3.184281,-6.368562,0.002625,2.743551,1
4,4,7,-3.815719,3.184281,-6.368562,0.000001,4.301174,1
5,4,7,-2.000000,3.184281,-6.368562,0.000000,4.743510,1
6,4,7,-0.184281,3.184281,-6.368562,0.000001,4.412309,1
7,4,7,1.631438,3.184281,-6.368562,0.000851,3.069618,1
8,4,7,3.447157,3.184281,-6.368562,0.325068,0.286226,0
9,4,7,5.262875,3.184281,-6.368562,1.261152,0.887542,0
10,4,7,7.078594,3.184281,-6.368562,2.378771,2.005160,0
0,5,7,-11.078594,5.000000,-6.368562,1.567630,1.194018,0
1,5,7,-9.262875,5.000000,-6.368562,0.336052,0.269943,0
2,5,7,-7.447157,5.000000,-6.368562,0.000005,4.138238,1
3,5,7,-5.631438,5.000000,-6.368562,0.000000,5.932302,1
4,5,7,-3.815719,5.000000,-6.368562,0.000000,6.798991,1
5,5,7,-2.000000,5.000000,-6.368562,0.000000,7.087107,1
6,5,7,-0.184281,5.000000,-6.368562,0.000000,6.869837,1
7,5,7,1.631438,5.000000,-6.368562,0.000000,6.093355,1
8,5,7,3.447157,5.000000,-6.368562,0.000000,4.475496,1
9,5,7,5.262875,5.000000,-6.368562,0.190329,0.631643,0
10,5,7,7.078594,5.000000,-6.368562,1.389337,1.015726,0
0,6,7,-11.078594,6.815719,-6.368562,0.787215,0.414105,0
1,6,7,-9.262875,6.815719,-6.368562,0.000107,3.566481,1
2,6,7,-7.447157,6.815719,-6.368562,0.000000,6.149623,1
3,6,7,-5.631438,6.815719,-6.368562,0.000000,7.475639,1
4,6,7,-3.815719,6.815719,-6.368562,0.000000,8.180418,1
5,6,7,-2.000000,6.815719,-6.368562,0.000000,8.421404,1
6,6,7,-0.184281,6.815719,-6.368562,0.000000,8.239394,1
7,6,7,1.631438,6.815719,-6.368562,0.000000,7.604074,1
8,6,7,3.447157,6.815719,-6.368562,0.000000,6.381458,1
9,6,7,5.262875,6.815719,-6.368562,0.000007,4.073205,1
10,6,7,7.078594,6.815719,-6.368562,0.597313,0.231747,0
0,7,7,-11.078594,8.631438,-6.368562,0.250525,0.446154,0
1,7,7,-9.262875,8.631438,-6.368562,0.000000,5.135856,1
2,7,7,-7.447157,8.631438,-6.368562,0.000000,7.174787,1
3,7,7,-5.631438,8.631438,-6.368562,0.000000,8.339358,1
4,7,7,-3.815719,8.631438,-6.368562,0.000000,8.976578,1
5,7,7,-2.000000,8.631438,-6.368562,0.000000,9.196726,1
6,7,7,-0.184281,8.631438,-6.368562,0.000000,9.030356,1
7,7,7,1.631438,8.631438,-6.368562,0.000000,8.454682,1
8,7,7,3.447157,8.631438,-6.368562,0.000000,7.374464,1
9,7,7,5.262875,8.631438,-6.368562,0.000000,5.500050,1
10,7,7,7.078594,8.631438,-6.368562,0.092084,1.115410,0
0,8,7,-11.078594,10.447157,-6.368562,0.052831,1.450537,0
1,8,7,-9.262875,10.447157,-6.368562,0.000000,5.744866,1
2,8,7,-7.447157,10.447157,-6.368562,0.000000,7.622601,1
3,8,7,-5.631438,10.447157,-6.368562,0.000000,8.727620,1
4,8,7,-3.815719,10.447157,-6.368562,0.000000,9.338384,1
5,8,7,-2.000000,10.447157,-6.368562,0.000000,9.550195,1
6,8,7,-0.184281,10.447157,-6.368562,0.000000,9.390090,1
7,8,7,1.631438,10.447157,-6.368562,0.000000,8.837880,1
8,8,7,3.447157,10.447157,-6.368562,0.000000,7.810838,1
9,8,7,5.262875,10.447157,-6.368562,0.000000,6.072645,1
10,8,7,7.078594,10.447157,-6.368562,0.006590,2.421762,1
0,9,7,-11.078594,12.262875,-6.368562,0.060033,1.366184,0
1,9,7,-9.262875,12.262875,-6.368562,0.000000,5.709352,1
2,9,7,-7.447157,12.262875,-6.368562,0.000000,7.595871,1
3,9,7,-5.631438,12.262875,-6.368562,0.000000,8.704284,1
4,9,7,-3.815719,12.262875,-6.368562,0.000000,9.316578,1
5,9,7,-2.000000,12.262875,-6.368562,0.000000,9.528874,1
6,9,7,-0.184281,12.262875,-6.368562,0.000000,9.368405,1
7,9,7,1.631438,12.262875,-6.368562,0.000000,8.814836,1
8,9,7,3.447157,12.262875,-6.368562,0.000000,7.784755,1
9,9,7,5.262875,12.262875,-6.368562,0.000000,6.039059,1
10,9,7,7.078594,12.262875,-6.368562,0.007850,2.342540,1
0,10,7,-11.078594,14.078594,-6.368562,0.296770,0.326320,0
1,10,7,-9.262875,14.078594,-6.368562,0.000000,5.015642,1
2,10,7,-7.447157,14.078594,-6.368562,0.000000,7.089233,1
3,10,7,-5.631438,14.078594,-6.368562,0.000000,8.265866,1
4,10,7,-3.815719,14.078594,-6.368562,0.000000,8.908344,1
5,10,7,-2.000000,14.078594,-6.368562,0.000000,9.130138,1
6,10,7,-0.184281,14.078594,-6.368562,0.000000,8.962532,1
7,10,7,1.631438,14.078594,-6.368562,0.000000,8.382202,1
8,10,7,3.447157,14.078594,-6.368562,0.000000,7.291253,1
9,10,7,5.262875,14.078594,-6.368562,0.000000,5.387968,1
10,10,7,7.078594,14.078594,-6.368562,0.124679,0.892418,0
0,0,8,-11.078594,-4.078594,-4.552843,7.198553,6.824941,0
1,0,8,-9.262875,-4.078594,-4.552843,6.363233,5.989621,0
2,0,8,-7.447157,-4.078594,-4.552843,5.682102,5.308491,0
3,0,8,-5.631438,-4.078594,-4.552843,5.174354,4.800742,0
4,0,8,-3.815719,-4.078594,-4.552843,4.856391,4.482780,0
5,0,8,-2.000000,-4.078594,-4.552843,4.739540,4.365929,0
6,0,8,-0.184281,-4.078594,-4.552843,4.828186,4.454575,0
7,0,8,1.631438,-4.078594,-4.552843,5.118990,4.745378,0
8,0,8,3.447157,-4.078594,-4.552843,5.601490,5.227879,0
9,0,8,5.262875,-4.078594,-4.552843,6.259849,5.886238,0
10,0,8,7.078594,-4.078594,-4.552843,7.075123,6.701512,0
0,1,8,-11.078594,-2.262875,-4.552843,5.720127,5.346515,0
1,1,8,-9.262875,-2.262875,-4.552843,4.808091,4.434480,0
2,1,8,-7.447157,-2.262875,-4.552843,4.057926,3.684315,0
3,1,8,-5.631438,-2.262875,-4.552843,3.494357,3.120745,0
4,1,8,-3.815719,-2.262875,-4.552843,3.139323,2.765711,0
5,1,8,-2.000000,-2.262875,-4.552843,3.008408,2.634797,0
6,1,8,-0.184281,-2.262875,-4.552843,3.107745,2.734134,0
7,1,8,1.631438,-2.262875,-4.552843,3.432660,3.059049,0
8,1,8,3.447157,-2.262875,-4.552843,3.968714,3.595103,0
9,1,8,5.262875,-2.262875,-4.552843,4.694628,4.321017,0
10,1,8,7.078594,-2.262875,-4.552843,5.585863,5.212251,0
0,2,8,-11.078594,-0.447157,-4.552843,4.313251,3.939640,0
1,2,8,-9.262875,-0.447157,-4.552843,3.313382,2.939771,0
2,2,8,-7.447157,-0.447157,-4.552843,2.481811,2.108200,0
3,2,8,-5.631438,-0.447157,-4.552843,1.850622,1.477011,0
4,2,8,-3.815719,-0.447157,-4.552843,1.449723,1.076112,0
5,2,8,-2.000000,-0.447157,-4.552843,1.301200,0.927589,0
6,2,8,-0.184281,-0.447157,-4.552843,1.413933,1.040322,0
7,2,8,1.631438,-0.447157,-4.552843,1.781146,1.407535,0
8,2,8,3.447157,-0.447157,-4.552843,2.382290,2.008679,0
9,2,8,5.262875,-0.447157,-4.552843,3.188179,2.814568,0
10,2,8,7.078594,-0.447157,-4.552843,4.166740,3.793129,0
0,3,8,-11.078594,1.368562,-4.552843,2.999132,2.625521,0
1,3,8,-9.262875,1.368562,-4.552843,1.899729,1.526118,0
2,3,8,-7.447157,1.368562,-4.552843,0.972365,0.598791,0
3,3,8,-5.631438,1.368562,-4.552843,0.264645,0.397520,0
4,3,8,-3.815719,1.368562,-4.552843,0.009037,2.259019,1
5,3,8,-2.000000,1.368562,-4.552843,0.000872,2.985621,1
6,3,8,-0.184281,1.368562,-4.552843,0.005412,2.446860,1
7,3,8,1.631438,1.368562,-4.552843,0.193054,0.601795,0
8,3,8,3.447157,1.368562,-4.552843,0.860452,0.487003,0
9,3,8,5.262875,1.368562,-4.552843,1.760931,1.387320,0
10,3,8,7.078594,1.368562,-4.552843,2.838964,2.465353,0
0,4,8,-11.078594,3.184281,-4.552843,1.805807,1.432195,0
1,4,8,-9.262875,3.184281,-4.552843,0.596325,0.230724,0
2,4,8,-7.447157,3.184281,-4.552843,0.000418,3.249713,1
3,4,8,-5.631438,3.184281,-4.552843,0.000000,5.349600,1
4,4,8,-3.815719,3.184281,-4.552843,0.000000,6.297006,1
5,4,8,-2.000000,3.184281,-4.552843,0.000000,6.607049,1
6,4,8,-0.184281,3.184281,-4.552843,0.000000,6.373434,1
7,4,8,1.631438,3.184281,-4.552843,0.000000,5.527657,1
8,4,8,3.447157,3.184281,-4.552843,0.000061,3.668444,1
9,4,8,5.262875,3.184281,-4.552843,0.442764,0.160713,0
10,4,8,7.078594,3.184281,-4.552843,1.630810,1.257199,0
0,5,8,-11.078594,5.000000,-4.552843,0.769323,0.396357,0
1,5,8,-9.262875,5.000000,-4.552843,0.000079,3.630205,1
2,5,8,-7.447157,5.000000,-4.552843,0.000000,6.186850,1
3,5,8,-5.631438,5.000000,-4.552843,0.000000,7.506293,1
4,5,8,-3.815719,5.000000,-4.552843,0.000000,8.208440,1
5,5,8,-2.000000,5.000000,-4.552843,0.000000,8.448628,1
6,5,8,-0.184281,5.000000,-4.552843,0.000000,8.267217,1
7,5,8,1.631438,5.000000,-4.552843,0.000000,7.634212,1
8,5,8,3.447157,5.000000,-4.552843,0.000000,6.417341,1
9,5,8,5.262875,5.000000,-4.552843,0.000005,4.129190,1
10,5,8,7.078594,5.000000,-4.552843,0.579164,0.216274,0
0,6,8,-11.078594,6.815719,-4.552843,0.039226,1.628223,0
1,6,8,-9.262875,6.815719,-4.552843,0.000000,5.819752,1
2,6,8,-7.447157,6.815719,-4.552843,0.000000,7.679198,1
3,6,8,-5.631438,6.815719,-4.552843,0.000000,8.777095,1
4,6,8,-3.815719,6.815719,-4.552843,0.000000,9.384639,1
5,6,8,-2.000000,6.815719,-4.552843,0.000000,9.595430,1
6,6,8,-0.184281,6.815719,-4.552843,0.000000,9.436092,1
7,6,8,1.631438,6.815719,-4.552843,0.000000,8.886740,1
8,6,8,3.447157,6.815719,-4.552843,0.000000,7.866081,1
9,6,8,5.262875,6.815719,-4.552843,0.000000,6.143537,1
10,6,8,7.078594,6.815719,-4.552843,0.004348,2.584335,1
0,7,8,-11.078594,8.631438,-4.552843,0.000016,3.923747,1
1,7,8,-9.262875,8.631438,-4.552843,0.000000,6.894145,1
2,7,8,-7.447157,8.631438,-4.552843,0.000000,8.522311,1
3,7,8,-5.631438,8.631438,-4.552843,0.000000,9.523503,1
4,7,8,-3.815719,8.631438,-4.552843,0.000000,10.086187,1
5,7,8,-2.000000,8.631438,-4.552843,0.000000,10.282606,1
6,7,8,-0.184281,8.631438,-4.552843,0.000000,10.134079,1
7,7,8,1.631438,8.631438,-4.552843,0.000000,9.624649,1
8,7,8,3.447157,8.631438,-4.552843,0.000000,8.691084,1
9,7,8,5.262875,8.631438,-4.552843,0.000000,7.169572,1
10,7,8,7.078594,8.631438,-4.552843,0.000000,4.498594,1
0,8,8,-11.078594,10.447157,-4.552843,0.000000,4.692749,1
1,8,8,-9.262875,10.447157,-4.552843,0.000000,7.359055,1
2,8,8,-7.447157,10.447157,-4.552843,0.000000,8.902598,1
3,8,8,-5.631438,10.447157,-4.552843,0.000000,9.865271,1
4,8,8,-3.815719,10.447157,-4.552843,0.000000,10.409497,1
5,8,8,-2.000000,10.447157,-4.552843,0.000000,10.599927,1
6,8,8,-0.184281,10.447157,-4.552843,0.000000,10.455908,1
7,8,8,1.631438,10.447157,-4.552843,0.000000,9.962948,1
8,8,8,3.447157,10.447157,-4.552843,0.000000,9.064293,1
9,8,8,5.262875,10.447157,-4.552843,0.000000,7.617692,1
10,8,8,7.078594,10.447157,-4.552843,0.000000,5.183031,1
0,9,8,-11.078594,12.262875,-4.552843,0.000000,4.649205,1
1,9,8,-9.262875,12.262875,-4.552843,0.000000,7.331365,1
2,9,8,-7.447157,12.262875,-4.552843,0.000000,8.879723,1
3,9,8,-5.631438,12.262875,-4.552843,0.000000,9.844632,1
4,9,8,-3.815719,12.262875,-4.552843,0.000000,10.389940,1
5,9,8,-2.000000,12.262875,-4.552843,0.000000,10.580721,1
6,9,8,-0.184281,12.262875,-4.552843,0.000000,10.436438,1
7,9,8,1.631438,12.262875,-4.552843,0.000000,9.942512,1
8,9,8,3.447157,12.262875,-4.552843,0.000000,9.041826,1
9,9,8,5.262875,12.262875,-4.552843,0.000000,7.590945,1
10,9,8,7.078594,12.262875,-4.552843,0.000000,5.143639,1
0,10,8,-11.078594,14.078594,-4.552843,0.000024,3.765055,1
1,10,8,-9.262875,14.078594,-4.552843,0.000000,6.805063,1
2,10,8,-7.447157,14.078594,-4.552843,0.000000,8.450411,1
3,10,8,-5.631438,14.078594,-4.552843,0.000000,9.459215,1
4,10,8,-3.815719,14.078594,-4.552843,0.000000,10.025508,1
5,10,8,-2.000000,14.078594,-4.552843,0.000000,10.223093,1
6,10,8,-0.184281,14.078594,-4.552843,0.000000,10.073689,1
7,10,8,1.631438,14.078594,-4.552843,0.000000,9.561042,1
8,10,8,3.447157,14.078594,-4.552843,0.000000,8.620591,1
9,10,8,5.262875,14.078594,-4.552843,0.000000,7.083955,1
10,10,8,7.078594,14.078594,-4.552843,0.000000,4.360849,1
0,0,9,-11.078594,-4.078594,-2.737125,6.836281,6.462670,0
1,0,9,-9.262875,-4.078594,-2.737125,5.983412,5.609801,0
2,0,9,-7.447157,-4.078594,-2.737125,5.286646,4.913034,0
3,0,9,-5.631438,-4.078594,-2.737125,4.766366,4.392755,0
4,0,9,-3.815719,-4.078594,-2.737125,4.440139,4.066528,0
5,0,9,-2.000000,-4.078594,-2.737125,4.320165,3.946554,0
6,0,9,-0.184281,-4.078594,-2.737125,4.411184,4.037573,0
7,0,9,1.631438,-4.078594,-2.737125,4.709587,4.335976,0
8,0,9,3.447157,-4.078594,-2.737125,5.204097,4.830486,0
9,0,9,5.262875,-4.078594,-2.737125,5.877736,5.504125,0
10,0,9,7.078594,-4.078594,-2.737125,6.710362,6.336751,0
0,1,9,-11.078594,-2.262875,-2.737125,5.325577,4.951966,0
1,1,9,-9.262875,-2.262875,-2.737125,4.390554,4.016942,0
2,1,9,-7.447157,-2.262875,-2.737125,3.619340,3.245729,0
3,1,9,-5.631438,-2.262875,-2.737125,3.038485,2.664873,0
4,1,9,-3.815719,-2.262875,-2.737125,2.671831,2.298220,0
5,1,9,-2.000000,-2.262875,-2.737125,2.536478,2.162867,0
6,1,9,-0.184281,-2.262875,-2.737125,2.639190,2.265579,0
7,1,9,1.631438,-2.262875,-2.737125,2.974811,2.601200,0
8,1,9,3.447157,-2.262875,-2.737125,3.527481,3.153870,0
9,1,9,5.262875,-2.262875,-2.737125,4.274039,3.900428,0
10,1,9,7.078594,-2.262875,-2.737125,5.188091,4.814480,0
0,2,9,-11.078594,-0.447157,-2.737125,3.882067,3.508455,0
1,2,9,-9.262875,-0.447157,-2.737125,2.851662,2.478050,0
2,2,9,-7.447157,-0.447157,-2.737125,1.991128,1.617517,0
3,2,9,-5.631438,-0.447157,-2.737125,1.335356,0.961745,0
4,2,9,-3.815719,-0.447157,-2.737125,0.917496,0.543921,0
5,2,9,-2.000000,-0.447157,-2.737125,0.762400,0.389040,0
6,2,9,-0.184281,-0.447157,-2.737125,0.880137,0.506583,0
7,2,9,1.631438,-0.447157,-2.737125,1.263020,0.889409,0
8,2,9,3.447157,-0.447157,-2.737125,1.887891,1.514280,0
9,2,9,5.262875,-0.447157,-2.737125,2.722322,2.348711,0
10,2,9,7.078594,-0.447157,-2.737125,3.731340,3.357729,0
0,3,9,-11.078594,1.368562,-2.737125,2.526884,2.153273,0
1,3,9,-9.262875,1.368562,-2.737125,1.386466,1.012855,0
2,3,9,-7.447157,1.368562,-2.737125,0.419396,0.165239,0
3,3,9,-5.631438,1.368562,-2.737125,0.001568,2.830935,1
4,3,9,-3.815719,1.368562,-2.737125,0.000001,4.360250,1
5,3,9,-2.000000,1.368562,-2.737125,0.000000,4.797146,1
6,3,9,-0.184281,1.368562,-2.737125,0.000000,4.469918,1
7,3,9,1.631438,1.368562,-2.737125,0.000437,3.150344,1
8,3,9,3.447157,1.368562,-2.737125,0.304863,0.312188,0
9,3,9,5.262875,1.368562,-2.737125,1.241967,0.868357,0
10,3,9,7.078594,1.368562,-2.737125,2.361161,1.987550,0
0,4,9,-11.078594,3.184281,-2.737125,1.288700,0.915089,0
1,4,9,-9.262875,3.184281,-2.737125,0.080160,1.202821,0
2,4,9,-7.447157,3.184281,-2.737125,0.000000,4.966878,1
3,4,9,-5.631438,3.184281,-2.737125,0.000000,6.537369,1
4,4,9,-3.815719,3.184281,-2.737125,0.000000,7.332888,1
5,4,9,-2.000000,3.184281,-2.737125,0.000000,7.600794,1
6,4,9,-0.184281,3.184281,-2.737125,0.000000,7.398624,1
7,4,9,1.631438,3.184281,-2.737125,0.000000,6.683858,1
8,4,9,3.447157,3.184281,-2.737125,0.000000,5.251193,1
9,4,9,5.262875,3.184281,-2.737125,0.019564,1.974491,0
10,4,9,7.078594,3.184281,-2.737125,1.106383,0.732780,0
0,5,9,-11.078594,5.000000,-2.737125,0.216619,0.544364,0
1,5,9,-9.262875,5.000000,-2.737125,0.000000,5.224512,1
2,5,9,-7.447157,5.000000,-2.737125,0.000000,7.238514,1
3,5,9,-5.631438,5.000000,-2.737125,0.000000,8.394248,1
4,5,9,-3.815719,5.000000,-2.737125,0.000000,9.027594,1
5,5,9,-2.000000,5.000000,-2.737125,0.000000,9.246528,1
6,5,9,-0.184281,5.000000,-2.737125,0.000000,9.081071,1
7,5,9,1.631438,5.000000,-2.737125,0.000000,8.508829,1
8,5,9,3.447157,5.000000,-2.737125,0.000000,7.436480,1
9,5,9,5.262875,5.000000,-2.737125,0.000000,5.582926,1
10,5,9,7.078594,5.000000,-2.737125,0.070604,1.286815,0
0,6,9,-11.078594,6.815719,-2.737125,0.000012,3.981828,1
1,6,9,-9.262875,6.815719,-2.737125,0.000000,6.927372,1
2,6,9,-7.447157,6.815719,-2.737125,0.000000,8.549213,1
3,6,9,-5.631438,6.815719,-2.737125,0.000000,9.547584,1
4,6,9,-3.815719,6.815719,-2.737125,0.000000,10.108928,1
5,6,9,-2.000000,6.815719,-2.737125,0.000000,10.304913,1
6,6,9,-0.184281,6.815719,-2.737125,0.000000,10.156712,1
7,6,9,1.631438,6.815719,-2.737125,0.000000,9.648478,1
8,6,9,3.447157,6.815719,-2.737125,0.000000,8.717465,1
9,6,9,5.262875,6.815719,-2.737125,0.000000,7.201529,1
10,6,9,7.078594,6.815719,-2.737125,0.000000,4.549352,1
0,7,9,-11.078594,8.631438,-2.737125,0.000000,5.432715,1
1,7,9,-9.262875,8.631438,-2.737125,0.000000,7.851637,1
2,7,9,-7.447157,8.631438,-2.737125,0.000000,9.313901,1
3,7,9,-5.631438,8.631438,-2.737125,0.000000,10.237972,1
4,7,9,-3.815719,8.631438,-2.737125,0.000002,10.763368,1
5,7,9,-2.000000,8.631438,-2.737125,0.000057,10.947586,1
6,7,9,-0.184281,8.631438,-2.737125,0.000004,10.808257,1
7,7,9,1.631438,8.631438,-2.737125,0.000000,10.332126,1
8,7,9,3.447157,8.631438,-2.737125,0.000000,9.468575,1
9,7,9,5.262875,8.631438,-2.737125,0.000000,8.094550,1
10,7,9,7.078594,8.631438,-2.737125,0.000000,5.861425,1
0,8,9,-11.078594,10.447157,-2.737125,0.000000,6.011727,1
1,8,9,-9.262875,10.447157,-2.737125,0.000000,8.262848,1
2,8,9,-7.447157,10.447157,-2.737125,0.000000,9.663086,1
3,8,9,-5.631438,10.447157,-2.737125,0.000000,10.556635,1
4,8,9,-3.815719,10.447157,-2.737125,0.000060,11.066978,1
5,8,9,-2.000000,10.447157,-2.737125,0.000323,11.245884,1
6,8,9,-0.184281,10.447157,-2.737125,0.000083,11.110666,1
7,8,9,1.631438,10.447157,-2.737125,0.000000,10.647972,1
8,8,9,3.447157,10.447157,-2.737125,0.000000,9.812256,1
9,8,9,5.262875,10.447157,-2.737125,0.000000,8.494010,1
10,8,9,7.078594,10.447157,-2.737125,0.000000,6.401779,1
0,9,9,-11.078594,12.262875,-2.737125,0.000000,5.977798,1
1,9,9,-9.262875,12.262875,-2.737125,0.000000,8.238196,1
2,9,9,-7.447157,12.262875,-2.737125,0.000000,9.642014,1
3,9,9,-5.631438,12.262875,-2.737125,0.000000,10.537350,1
4,9,9,-3.815719,12.262875,-2.737125,0.000372,11.048913,1
5,9,9,-2.000000,12.262875,-2.737125,0.005542,11.233858,1
6,9,9,-0.184281,12.262875,-2.737125,0.000730,11.093024,1
7,9,9,1.631438,12.262875,-2.737125,0.000000,10.628853,1
8,9,9,3.447157,12.262875,-2.737125,0.000000,9.791506,1
9,9,9,5.262875,12.262875,-2.737125,0.000000,8.470030,1
10,9,9,7.078594,12.262875,-2.737125,0.000000,6.369929,1
0,10,9,-11.078594,14.078594,-2.737125,0.000000,5.319214,1
1,10,9,-9.262875,14.078594,-2.737125,0.000000,7.773535,1
2,10,9,-7.447157,14.078594,-2.737125,0.000000,9.248157,1
3,10,9,-5.631438,14.078594,-2.737125,0.000000,10.178198,1
4,10,9,-3.815719,14.078594,-2.737125,0.000003,10.706533,1
5,10,9,-2.000000,14.078594,-2.737125,0.000070,10.891842,1
6,10,9,-0.184281,14.078594,-2.737125,0.000006,10.751665,1
7,10,9,1.631438,14.078594,-2.737125,0.000000,10.272901,1
8,10,9,3.447157,14.078594,-2.737125,0.000000,9.403912,1
9,10,9,5.262875,14.078594,-2.737125,0.000000,8.018814,1
10,10,9,7.078594,14.078594,-2.737125,0.000000,5.756384,1
0,0,10,-11.078594,-4.078594,-0.921406,6.651710,6.278099,0
1,0,10,-9.262875,-4.078594,-0.921406,5.789606,5.415995,0
2,0,10,-7.447157,-4.078594,-0.921406,5.084575,4.710964,0
3,0,10,-5.631438,-4.078594,-0.921406,4.557647,4.184036,0
4,0,10,-3.815719,-4.078594,-0.921406,4.227021,3.853410,0
5,0,10,-2.000000,-4.078594,-0.921406,4.105382,3.731771,0
6,0,10,-0.184281,-4.078594,-0.921406,4.197667,3.824056,0
7,0,10,1.631438,-4.078594,-0.921406,4.500116,4.126505,0
8,0,10,3.447157,-4.078594,-0.921406,5.001000,4.627389,0
9,0,10,5.262875,-4.078594,-0.921406,5.682721,5.309109,0
10,0,10,7.078594,-4.078594,-0.921406,6.524484,6.150872,0
0,1,10,-11.078594,-2.262875,-0.921406,5.123987,4.750376,0
1,1,10,-9.262875,-2.262875,-0.921406,4.176751,3.803140,0
2,1,10,-7.447157,-2.262875,-0.921406,3.394284,3.020672,0
3,1,10,-5.631438,-2.262875,-0.921406,2.804130,2.430519,0
4,1,10,-3.815719,-2.262875,-0.921406,2.431198,2.057587,0
5,1,10,-2.000000,-2.262875,-0.921406,2.293441,1.919830,0
6,1,10,-0.184281,-2.262875,-0.921406,2.397982,2.024371,0
7,1,10,1.631438,-2.262875,-0.921406,2.739390,2.365779,0
8,1,10,3.447157,-2.262875,-0.921406,3.301004,2.927393,0
9,1,10,5.262875,-2.262875,-0.921406,4.058610,3.684999,0
10,1,10,7.078594,-2.262875,-0.921406,4.984794,4.611183,0
0,2,10,-11.078594,-0.447157,-0.921406,3.660976,3.287364,0
1,2,10,-9.262875,-0.447157,-0.921406,2.614150,2.240539,0
2,2,10,-7.447157,-0.447157,-0.921406,1.737891,1.364280,0
3,2,10,-5.631438,-0.447157,-0.921406,1.068647,0.695042,0
4,2,10,-3.815719,-0.447157,-0.921406,0.641442,0.268964,0
5,2,10,-2.000000,-0.447157,-0.921406,0.482712,0.113998,0
6,2,10,-0.184281,-0.447157,-0.921406,0.603221,0.231407,0
7,2,10,1.631438,-0.447157,-0.921406,0.994736,0.621139,0
8,2,10,3.447157,-0.447157,-0.921406,1.632625,1.259014,0
9,2,10,5.262875,-0.447157,-0.921406,2.482574,2.108963,0
10,2,10,7.078594,-0.447157,-0.921406,3.507992,3.134380,0
0,3,10,-11.078594,1.368562,-0.921406,2.283675,1.910064,0
1,3,10,-9.262875,1.368562,-0.921406,1.120859,0.747253,0
2,3,10,-7.447157,1.368562,-0.921406,0.152024,0.761147,0
3,3,10,-5.631438,1.368562,-0.921406,0.000005,3.881180,1
4,3,10,-3.815719,1.368562,-0.921406,0.000000,5.108573,1
5,3,10,-2.000000,1.368562,-0.921406,0.000000,5.486195,1
6,3,10,-0.184281,1.368562,-0.921406,0.000000,5.202490,1
7,3,10,1.631438,1.368562,-0.921406,0.000000,4.123131,1
8,3,10,3.447157,1.368562,-0.921406,0.071027,1.250399,0
9,3,10,5.262875,1.368562,-0.921406,0.973222,0.599647,0
10,3,10,7.078594,1.368562,-0.921406,2.114937,1.741325,0
0,4,10,-11.078594,3.184281,-0.921406,1.020978,0.647389,0
1,4,10,-9.262875,3.184281,-0.921406,0.004091,2.598116,1
2,4,10,-7.447157,3.184281,-0.921406,0.000000,5.635210,1
3,4,10,-5.631438,3.184281,-0.921406,0.000000,7.058534,1
4,4,10,-3.815719,3.184281,-0.921406,0.000000,7.801088,1
5,4,10,-2.000000,3.184281,-0.921406,0.000000,8.053433,1
6,4,10,-0.184281,3.184281,-0.921406,0.000000,7.862910,1
7,4,10,1.631438,3.184281,-0.921406,0.000000,7.194420,1
8,4,10,3.447157,3.184281,-0.921406,0.000000,5.887338,1
9,4,10,5.262875,3.184281,-0.921406,0.000424,3.246296,1
10,4,10,7.078594,3.184281,-0.921406,0.834631,0.461276,0
0,5,10,-11.078594,5.000000,-0.921406,0.032314,1.732366,0
1,5,10,-9.262875,5.000000,-0.921406,0.000000,5.863552,1
2,5,10,-7.447157,5.000000,-0.921406,0.000000,7.712445,1
3,5,10,-5.631438,5.000000,-0.921406,0.000000,8.806198,1
4,5,10,-3.815719,5.000000,-0.921406,0.000000,9.411864,1
5,5,10,-2.000000,5.000000,-0.921406,0.000000,9.622058,1
6,5,10,-0.184281,5.000000,-0.921406,0.000000,9.463169,1
7,5,10,1.631438,5.000000,-0.921406,0.000000,8.915486,1
8,5,10,3.447157,5.000000,-0.921406,0.000000,7.898541,1
9,5,10,5.262875,5.000000,-0.921406,0.000000,6.185045,1
10,5,10,7.078594,5.000000,-0.921406,0.003311,2.677007,1
0,6,10,-11.078594,6.815719,-0.921406,0.000000,4.789614,1
1,6,10,-9.262875,6.815719,-0.921406,0.000000,7.421200,1
2,6,10,-7.447157,6.815719,-0.921406,0.000000,8.954036,1
3,6,10,-5.631438,6.815719,-0.921406,0.000000,9.911714,1
4,6,10,-3.815719,6.815719,-0.921406,0.000000,10.453523,1
5,6,10,-2.000000,6.815719,-0.921406,0.000001,10.643163,1
6,6,10,-0.184281,6.815719,-0.921406,0.000000,10.499739,1
7,6,10,1.631438,6.815719,-0.921406,0.000000,10.008938,1
8,6,10,3.447157,6.815719,-0.921406,0.000000,9.114818,1
9,6,10,5.262875,6.815719,-0.921406,0.000000,7.677743,1
10,6,10,7.078594,6.815719,-0.921406,0.000000,5.270893,1
0,7,10,-11.078594,8.631438,-0.921406,0.000000,6.049803,1
1,7,10,-9.262875,8.631438,-0.921406,0.000000,8.290592,1
2,7,10,-7.447157,8.631438,-0.921406,0.000000,9.686820,1
3,7,10,-5.631438,8.631438,-0.921406,0.000000,10.578364,1
4,7,10,-3.815719,8.631438,-0.921406,0.000770,11.086836,1
5,7,10,-2.000000,8.631438,-0.921406,0.028500,11.237240,0
6,7,10,-0.184281,8.631438,-0.921406,0.001737,11.129414,1
7,7,10,1.631438,8.631438,-0.921406,0.000000,10.669515,1
8,7,10,3.447157,8.631438,-0.921406,0.000000,9.835631,1
9,7,10,5.262875,8.631438,-0.921406,0.000000,8.521001,1
10,7,10,7.078594,8.631438,-0.921406,0.000000,6.437548,1
0,8,10,-11.078594,10.447157,-0.921406,0.000000,6.574692,1
1,8,10,-9.262875,10.447157,-0.921406,0.000000,8.681036,1
2,8,10,-7.447157,10.447157,-0.921406,0.000000,10.023021,1
3,8,10,-5.631438,10.447157,-0.921406,0.000007,10.887075,1
4,8,10,-3.815719,10.447157,-0.921406,0.010922,11.371392,0
5,8,10,-2.000000,10.447157,-0.921406,0.322400,11.237450,0
6,8,10,-0.184281,10.447157,-0.921406,0.025651,11.398926,0
7,8,10,1.631438,10.447157,-0.921406,0.000022,10.975679,1
8,8,10,3.447157,10.447157,-0.921406,0.000000,10.166912,1
9,8,10,5.262875,10.447157,-0.921406,0.000000,8.901344,1
10,8,10,7.078594,10.447157,-0.921406,0.000000,6.933145,1
0,9,10,-11.078594,12.262875,-0.921406,0.000000,6.543683,1
1,9,10,-9.262875,12.262875,-0.921406,0.000000,8.657575,1
2,9,10,-7.447157,12.262875,-0.921406,0.000000,10.002708,1
3,9,10,-5.631438,12.262875,-0.921406,0.000021,10.868392,1
4,9,10,-3.815719,12.262875,-0.921406,0.038912,11.404543,0
5,9,10,-2.000000,12.262875,-0.921406,0.480009,12.033100,0
6,9,10,-0.184281,12.262875,-0.921406,0.070553,11.479327,0
7,9,10,1.631438,12.262875,-0.921406,0.000088,10.957202,1
8,9,10,3.447157,12.262875,-0.921406,0.000000,10.146887,1
9,9,10,5.262875,12.262875,-0.921406,0.000000,8.878465,1
10,9,10,7.078594,12.262875,-0.921406,0.000000,6.903746,1
0,10,10,-11.078594,14.078594,-0.921406,0.000000,5.948089,1
1,10,10,-9.262875,14.078594,-0.921406,0.000000,8.216664,1
2,10,10,-7.447157,14.078594,-0.921406,0.000000,9.623624,1
3,10,10,-5.631438,14.078594,-0.921406,0.000000,10.520525,1
4,10,10,-3.815719,14.078594,-0.921406,0.000800,11.033318,1
5,10,10,-2.000000,14.078594,-0.921406,0.024277,11.237532,0
6,10,10,-0.184281,14.078594,-0.921406,0.001715,11.078077,1
7,10,10,1.631438,14.078594,-0.921406,0.000000,10.612173,1
8,10,10,3.447157,14.078594,-0.921406,0.000000,9.773397,1
9,10,10,5.262875,14.078594,-0.921406,0.000000,8.449089,1
10,10,10,7.078594,14.078594,-0.921406,0.000000,6.342056,1